DataFile,Compression,Encoding,Compression Ratio
data_89.csv,NONE,PLAIN,0.9901383139479492
data_89.csv,NONE,HUFFMAN,0.698443440746
data_89.csv,NONE,RLE,1.013622203138071
data_89.csv,NONE,DICTIONARY,0.988022496769466
data_89.csv,GZIP,PLAIN,0.0872730368632981
data_89.csv,GZIP,HUFFMAN,0.1754487918664016
data_89.csv,GZIP,RLE,0.2953889209743905
data_89.csv,GZIP,DICTIONARY,0.0916855745837478
data_89.csv,LZ4,PLAIN,0.1235041270385285
data_89.csv,LZ4,HUFFMAN,0.2045339811625038
data_89.csv,LZ4,RLE,0.3261719529256636
data_89.csv,LZ4,DICTIONARY,0.127071558808146
data_89.csv,SNAPPY,PLAIN,0.1657005315146849
data_89.csv,SNAPPY,HUFFMAN,0.2677504407850257
data_89.csv,SNAPPY,RLE,0.4026861996514708
data_89.csv,SNAPPY,DICTIONARY,0.1689144141227369
data_28.csv,NONE,PLAIN,0.4495689876281571
data_28.csv,NONE,HUFFMAN,0.2680545527906893
data_28.csv,NONE,RLE,4.0108987674095085
data_28.csv,NONE,DICTIONARY,0.2150628851606027
data_28.csv,GZIP,PLAIN,0.2001491450573496
data_28.csv,GZIP,HUFFMAN,0.2023610550711233
data_28.csv,GZIP,RLE,0.2290670547909021
data_28.csv,GZIP,DICTIONARY,0.1996331092839735
data_28.csv,LZ4,PLAIN,0.2034145643057902
data_28.csv,LZ4,HUFFMAN,0.2063752621331571
data_28.csv,LZ4,RLE,0.2241049956703526
data_28.csv,LZ4,DICTIONARY,0.2019927862180167
data_28.csv,SNAPPY,PLAIN,0.2153346844180931
data_28.csv,SNAPPY,HUFFMAN,0.2104001880391482
data_28.csv,SNAPPY,RLE,0.3886790632649139
data_28.csv,SNAPPY,DICTIONARY,0.2054258788112189
data_98.csv,NONE,PLAIN,0.9888793064193868
data_98.csv,NONE,HUFFMAN,0.695672483642814
data_98.csv,NONE,RLE,1.0194643246714037
data_98.csv,NONE,DICTIONARY,0.9827654319737568
data_98.csv,GZIP,PLAIN,0.0928459150595358
data_98.csv,GZIP,HUFFMAN,0.1773621676031966
data_98.csv,GZIP,RLE,0.3026290230448852
data_98.csv,GZIP,DICTIONARY,0.0979136713401106
data_98.csv,LZ4,PLAIN,0.1312266790753157
data_98.csv,LZ4,HUFFMAN,0.2162231090064582
data_98.csv,LZ4,RLE,0.3483589044160002
data_98.csv,LZ4,DICTIONARY,0.1351034770985366
data_98.csv,SNAPPY,PLAIN,0.1722931913597471
data_98.csv,SNAPPY,HUFFMAN,0.2697665475993067
data_98.csv,SNAPPY,RLE,0.4107841912208849
data_98.csv,SNAPPY,DICTIONARY,0.1757068304775883
data_35.csv,NONE,PLAIN,0.7773616400872656
data_35.csv,NONE,HUFFMAN,0.3922601289719562
data_35.csv,NONE,RLE,1.6279709367199684
data_35.csv,NONE,DICTIONARY,0.1475732384899847
data_35.csv,GZIP,PLAIN,0.1121825456875371
data_35.csv,GZIP,HUFFMAN,0.127385364389434
data_35.csv,GZIP,RLE,0.1273598844578321
data_35.csv,GZIP,DICTIONARY,0.1067018745461387
data_35.csv,LZ4,PLAIN,0.1429663425640082
data_35.csv,LZ4,HUFFMAN,0.1605490490236991
data_35.csv,LZ4,RLE,0.1558159963632058
data_35.csv,LZ4,DICTIONARY,0.1193200338448067
data_35.csv,SNAPPY,PLAIN,0.1478131227240905
data_35.csv,SNAPPY,HUFFMAN,0.1660651434846416
data_35.csv,SNAPPY,RLE,0.1936325650926801
data_35.csv,SNAPPY,DICTIONARY,0.1183800729533944
data_52.csv,NONE,PLAIN,0.9900641292178268
data_52.csv,NONE,HUFFMAN,0.698719654447985
data_52.csv,NONE,RLE,1.0165961311824552
data_52.csv,NONE,DICTIONARY,0.9844829444351528
data_52.csv,GZIP,PLAIN,0.0909133739507856
data_52.csv,GZIP,HUFFMAN,0.1838378420650417
data_52.csv,GZIP,RLE,0.3163940783704927
data_52.csv,GZIP,DICTIONARY,0.0953551339575308
data_52.csv,LZ4,PLAIN,0.127980148027502
data_52.csv,LZ4,HUFFMAN,0.2178735282711588
data_52.csv,LZ4,RLE,0.3518714138822157
data_52.csv,LZ4,DICTIONARY,0.1315068424483983
data_52.csv,SNAPPY,PLAIN,0.1716427499920234
data_52.csv,SNAPPY,HUFFMAN,0.2777532979913868
data_52.csv,SNAPPY,RLE,0.4270593122398146
data_52.csv,SNAPPY,DICTIONARY,0.1747115455261744
data_19.csv,NONE,PLAIN,0.4380368069386645
data_19.csv,NONE,HUFFMAN,0.2569278775353233
data_19.csv,NONE,RLE,4.093290675387939
data_19.csv,NONE,DICTIONARY,0.2143655555590296
data_19.csv,GZIP,PLAIN,0.2021802139254793
data_19.csv,GZIP,HUFFMAN,0.2018644221479469
data_19.csv,GZIP,RLE,0.2300355500248568
data_19.csv,GZIP,DICTIONARY,0.2015267438115754
data_19.csv,LZ4,PLAIN,0.2042500570613855
data_19.csv,LZ4,HUFFMAN,0.2043204067147962
data_19.csv,LZ4,RLE,0.2239839165059046
data_19.csv,LZ4,DICTIONARY,0.2034246211280332
data_19.csv,SNAPPY,PLAIN,0.216698819063818
data_19.csv,SNAPPY,HUFFMAN,0.2087493082284081
data_19.csv,SNAPPY,RLE,0.3934241833968565
data_19.csv,SNAPPY,DICTIONARY,0.2066700851387138
data_127.csv,NONE,PLAIN,0.9896404336943766
data_127.csv,NONE,HUFFMAN,0.6973852224280904
data_127.csv,NONE,RLE,1.0159753164333547
data_127.csv,NONE,DICTIONARY,0.9907939452269948
data_127.csv,GZIP,PLAIN,0.0879170485251658
data_127.csv,GZIP,HUFFMAN,0.1745073330517087
data_127.csv,GZIP,RLE,0.2987412587570445
data_127.csv,GZIP,DICTIONARY,0.0927023154966345
data_127.csv,LZ4,PLAIN,0.1236249461090303
data_127.csv,LZ4,HUFFMAN,0.2058424117578491
data_127.csv,LZ4,RLE,0.3316756778171182
data_127.csv,LZ4,DICTIONARY,0.1274406764792085
data_127.csv,SNAPPY,PLAIN,0.1658085637565265
data_127.csv,SNAPPY,HUFFMAN,0.2636910997696899
data_127.csv,SNAPPY,RLE,0.4080059738804695
data_127.csv,SNAPPY,DICTIONARY,0.169540546029131
data_138.csv,NONE,PLAIN,0.9906794557017418
data_138.csv,NONE,HUFFMAN,0.6994261180361031
data_138.csv,NONE,RLE,1.0124738423966733
data_138.csv,NONE,DICTIONARY,0.990000340644972
data_138.csv,GZIP,PLAIN,0.0889495557203462
data_138.csv,GZIP,HUFFMAN,0.1818029814296083
data_138.csv,GZIP,RLE,0.3109511069651415
data_138.csv,GZIP,DICTIONARY,0.0930010822028724
data_138.csv,LZ4,PLAIN,0.1260204020134738
data_138.csv,LZ4,HUFFMAN,0.2136093169020174
data_138.csv,LZ4,RLE,0.3449426275256859
data_138.csv,LZ4,DICTIONARY,0.1294897662389388
data_138.csv,SNAPPY,PLAIN,0.1703636778127448
data_138.csv,SNAPPY,HUFFMAN,0.2756514048984747
data_138.csv,SNAPPY,RLE,0.4250204255965872
data_138.csv,SNAPPY,DICTIONARY,0.1737231971364859
data_105.csv,NONE,PLAIN,0.9887165764010376
data_105.csv,NONE,HUFFMAN,0.6936802232793675
data_105.csv,NONE,RLE,1.0193665091875246
data_105.csv,NONE,DICTIONARY,0.987205338924116
data_105.csv,GZIP,PLAIN,0.1032844170539088
data_105.csv,GZIP,HUFFMAN,0.1886937964250968
data_105.csv,GZIP,RLE,0.3247018238651769
data_105.csv,GZIP,DICTIONARY,0.1081578954960777
data_105.csv,LZ4,PLAIN,0.1481873038250286
data_105.csv,LZ4,HUFFMAN,0.2348135181815944
data_105.csv,LZ4,RLE,0.3819345951348822
data_105.csv,LZ4,DICTIONARY,0.1522490883252285
data_105.csv,SNAPPY,PLAIN,0.1885834875682777
data_105.csv,SNAPPY,HUFFMAN,0.2860492198487436
data_105.csv,SNAPPY,RLE,0.4394719894997263
data_105.csv,SNAPPY,DICTIONARY,0.1922642553326536
data_42.csv,NONE,PLAIN,0.988790318391336
data_42.csv,NONE,HUFFMAN,0.694243769537739
data_42.csv,NONE,RLE,1.0197676010556964
data_42.csv,NONE,DICTIONARY,0.9889143081458734
data_42.csv,GZIP,PLAIN,0.0918253463215553
data_42.csv,GZIP,HUFFMAN,0.170129029663205
data_42.csv,GZIP,RLE,0.2985403626810262
data_42.csv,GZIP,DICTIONARY,0.0970402454557373
data_42.csv,LZ4,PLAIN,0.1273095038666021
data_42.csv,LZ4,HUFFMAN,0.2034701189730557
data_42.csv,LZ4,RLE,0.3338334049837346
data_42.csv,LZ4,DICTIONARY,0.1313942027948939
data_42.csv,SNAPPY,PLAIN,0.168075899809071
data_42.csv,SNAPPY,HUFFMAN,0.2556563377805852
data_42.csv,SNAPPY,RLE,0.4015330019956548
data_42.csv,SNAPPY,DICTIONARY,0.1718634508773512
data_134.csv,NONE,PLAIN,0.9896462609468036
data_134.csv,NONE,HUFFMAN,0.697494250193884
data_134.csv,NONE,RLE,1.016000123322674
data_134.csv,NONE,DICTIONARY,0.9889535361385684
data_134.csv,GZIP,PLAIN,0.0897444421474429
data_134.csv,GZIP,HUFFMAN,0.177077818140277
data_134.csv,GZIP,RLE,0.3029046464202102
data_134.csv,GZIP,DICTIONARY,0.0944727765481154
data_134.csv,LZ4,PLAIN,0.1267091361490837
data_134.csv,LZ4,HUFFMAN,0.2104693909659782
data_134.csv,LZ4,RLE,0.3378622241584916
data_134.csv,LZ4,DICTIONARY,0.1304284333029587
data_134.csv,SNAPPY,PLAIN,0.1696527654797351
data_134.csv,SNAPPY,HUFFMAN,0.2713662068506199
data_134.csv,SNAPPY,RLE,0.414843819952757
data_134.csv,SNAPPY,DICTIONARY,0.1730698312370087
data_81.csv,NONE,PLAIN,0.9891735423468928
data_81.csv,NONE,HUFFMAN,0.6955951986388768
data_81.csv,NONE,RLE,1.0184596879430865
data_81.csv,NONE,DICTIONARY,0.9816197176733604
data_81.csv,GZIP,PLAIN,0.0931788218956781
data_81.csv,GZIP,HUFFMAN,0.1804279950794767
data_81.csv,GZIP,RLE,0.3041556669852536
data_81.csv,GZIP,DICTIONARY,0.0978840073658105
data_81.csv,LZ4,PLAIN,0.1322616577929945
data_81.csv,LZ4,HUFFMAN,0.2215219825440682
data_81.csv,LZ4,RLE,0.3519120004407578
data_81.csv,LZ4,DICTIONARY,0.1359399991832735
data_81.csv,SNAPPY,PLAIN,0.1738639664859378
data_81.csv,SNAPPY,HUFFMAN,0.2765429157080148
data_81.csv,SNAPPY,RLE,0.4160675922561567
data_81.csv,SNAPPY,DICTIONARY,0.1769339093213513
data_131.csv,NONE,PLAIN,0.9891887177931756
data_131.csv,NONE,HUFFMAN,0.695444033432396
data_131.csv,NONE,RLE,1.0182986288791789
data_131.csv,NONE,DICTIONARY,0.9860342323470522
data_131.csv,GZIP,PLAIN,0.0911647092107001
data_131.csv,GZIP,HUFFMAN,0.1736224272453984
data_131.csv,GZIP,RLE,0.2988329760750783
data_131.csv,GZIP,DICTIONARY,0.095974289230489
data_131.csv,LZ4,PLAIN,0.1264267345649505
data_131.csv,LZ4,HUFFMAN,0.2076972673069231
data_131.csv,LZ4,RLE,0.3314556359743838
data_131.csv,LZ4,DICTIONARY,0.1301904658015015
data_131.csv,SNAPPY,PLAIN,0.1678920166600299
data_131.csv,SNAPPY,HUFFMAN,0.2628609867777493
data_131.csv,SNAPPY,RLE,0.4047072950746251
data_131.csv,SNAPPY,DICTIONARY,0.171343690127463
data_40.csv,NONE,PLAIN,0.9886098167717124
data_40.csv,NONE,HUFFMAN,0.6926890372670428
data_40.csv,NONE,RLE,1.020408055205755
data_40.csv,NONE,DICTIONARY,0.988964513616195
data_40.csv,GZIP,PLAIN,0.1075873762512651
data_40.csv,GZIP,HUFFMAN,0.1923622718983005
data_40.csv,GZIP,RLE,0.3290801565052438
data_40.csv,GZIP,DICTIONARY,0.1124811337215249
data_40.csv,LZ4,PLAIN,0.1536846817426872
data_40.csv,LZ4,HUFFMAN,0.2391367316075305
data_40.csv,LZ4,RLE,0.3856870596308339
data_40.csv,LZ4,DICTIONARY,0.1579017862891513
data_40.csv,SNAPPY,PLAIN,0.1938225726866135
data_40.csv,SNAPPY,HUFFMAN,0.28650867111751
data_40.csv,SNAPPY,RLE,0.4450089084645593
data_40.csv,SNAPPY,DICTIONARY,0.1978421987231602
data_126.csv,NONE,PLAIN,0.9893451306271158
data_126.csv,NONE,HUFFMAN,0.6961460237447209
data_126.csv,NONE,RLE,1.0177393001608956
data_126.csv,NONE,DICTIONARY,0.989036724929404
data_126.csv,GZIP,PLAIN,0.0907724277459964
data_126.csv,GZIP,HUFFMAN,0.1749009582651614
data_126.csv,GZIP,RLE,0.3031059153114558
data_126.csv,GZIP,DICTIONARY,0.0956976087696597
data_126.csv,LZ4,PLAIN,0.1269160589604707
data_126.csv,LZ4,HUFFMAN,0.2067378008185194
data_126.csv,LZ4,RLE,0.3357319239538418
data_126.csv,LZ4,DICTIONARY,0.1308422151480774
data_126.csv,SNAPPY,PLAIN,0.1683399447036254
data_126.csv,SNAPPY,HUFFMAN,0.2697382867024153
data_126.csv,SNAPPY,RLE,0.4093207907599381
data_126.csv,SNAPPY,DICTIONARY,0.1719709870282233
data_27.csv,NONE,PLAIN,0.7589665260225266
data_27.csv,NONE,HUFFMAN,0.3508192479151228
data_27.csv,NONE,RLE,1.8081341714850308
data_27.csv,NONE,DICTIONARY,0.0920881369944498
data_27.csv,GZIP,PLAIN,0.090758991058931
data_27.csv,GZIP,HUFFMAN,0.0877128775925487
data_27.csv,GZIP,RLE,0.0999988237646588
data_27.csv,GZIP,DICTIONARY,0.0866371263562413
data_27.csv,LZ4,PLAIN,0.0908046962036164
data_27.csv,LZ4,HUFFMAN,0.0884942339263239
data_27.csv,LZ4,RLE,0.0973432204315439
data_27.csv,LZ4,DICTIONARY,0.0874312532451492
data_27.csv,SNAPPY,PLAIN,0.1209018700461588
data_27.csv,SNAPPY,HUFFMAN,0.1009344349617471
data_27.csv,SNAPPY,RLE,0.1724347567461297
data_27.csv,SNAPPY,DICTIONARY,0.0888034157874307
data_97.csv,NONE,PLAIN,0.988868430768418
data_97.csv,NONE,HUFFMAN,0.6958108376032196
data_97.csv,NONE,RLE,1.0198338410978105
data_97.csv,NONE,DICTIONARY,0.981113826972965
data_97.csv,GZIP,PLAIN,0.0940562852842206
data_97.csv,GZIP,HUFFMAN,0.1784777617744288
data_97.csv,GZIP,RLE,0.3050874632030471
data_97.csv,GZIP,DICTIONARY,0.0990666805322958
data_97.csv,LZ4,PLAIN,0.133116857114263
data_97.csv,LZ4,HUFFMAN,0.2187359253623205
data_97.csv,LZ4,RLE,0.3508550135101237
data_97.csv,LZ4,DICTIONARY,0.1369129704952493
data_97.csv,SNAPPY,PLAIN,0.1736761151637101
data_97.csv,SNAPPY,HUFFMAN,0.2718800760017443
data_97.csv,SNAPPY,RLE,0.4135933481172242
data_97.csv,SNAPPY,DICTIONARY,0.1768192050947261
data_119.csv,NONE,PLAIN,0.9889315004892746
data_119.csv,NONE,HUFFMAN,0.6946992286613292
data_119.csv,NONE,RLE,1.0199410743501445
data_119.csv,NONE,DICTIONARY,0.9884421195185252
data_119.csv,GZIP,PLAIN,0.0929225259727267
data_119.csv,GZIP,HUFFMAN,0.1782064123613513
data_119.csv,GZIP,RLE,0.3005506523433755
data_119.csv,GZIP,DICTIONARY,0.098063396196374
data_119.csv,LZ4,PLAIN,0.1326617435860662
data_119.csv,LZ4,HUFFMAN,0.2188388277280839
data_119.csv,LZ4,RLE,0.3480605324091834
data_119.csv,LZ4,DICTIONARY,0.1366677944569538
data_119.csv,SNAPPY,PLAIN,0.1738992764265648
data_119.csv,SNAPPY,HUFFMAN,0.2693666077551965
data_119.csv,SNAPPY,RLE,0.4121173292852397
data_119.csv,SNAPPY,DICTIONARY,0.1777895300244159
data_31.csv,NONE,PLAIN,0.4364757391532711
data_31.csv,NONE,HUFFMAN,0.2486173335998714
data_31.csv,NONE,RLE,4.105063048019975
data_31.csv,NONE,DICTIONARY,0.2142942815818252
data_31.csv,GZIP,PLAIN,0.2021228975827346
data_31.csv,GZIP,HUFFMAN,0.2013138760519435
data_31.csv,GZIP,RLE,0.2297872006835918
data_31.csv,GZIP,DICTIONARY,0.2016360735801946
data_31.csv,LZ4,PLAIN,0.2041987590299581
data_31.csv,LZ4,HUFFMAN,0.2035057599667611
data_31.csv,LZ4,RLE,0.2236286026740043
data_31.csv,LZ4,DICTIONARY,0.2034853776413729
data_31.csv,SNAPPY,PLAIN,0.2168397204485679
data_31.csv,SNAPPY,HUFFMAN,0.2079679213555814
data_31.csv,SNAPPY,RLE,0.3939111722580872
data_31.csv,SNAPPY,DICTIONARY,0.2066132806528615
data_26.csv,NONE,PLAIN,0.6011084315410563
data_26.csv,NONE,HUFFMAN,0.3237829237366234
data_26.csv,NONE,RLE,2.986086591564684
data_26.csv,NONE,DICTIONARY,0.1631597238414375
data_26.csv,GZIP,PLAIN,0.1577863346368479
data_26.csv,GZIP,HUFFMAN,0.1559293259696971
data_26.csv,GZIP,RLE,0.1831165990482345
data_26.csv,GZIP,DICTIONARY,0.1517273233981981
data_26.csv,LZ4,PLAIN,0.214038430364118
data_26.csv,LZ4,HUFFMAN,0.1855992725189365
data_26.csv,LZ4,RLE,0.2380352015562232
data_26.csv,LZ4,DICTIONARY,0.1547285158808938
data_26.csv,SNAPPY,PLAIN,0.2046479067154318
data_26.csv,SNAPPY,HUFFMAN,0.1803480184135316
data_26.csv,SNAPPY,RLE,0.3126408717337188
data_26.csv,SNAPPY,DICTIONARY,0.1570363140959449
data_85.csv,NONE,PLAIN,0.9887416122423996
data_85.csv,NONE,HUFFMAN,0.6961669780373418
data_85.csv,NONE,RLE,1.0208231498350184
data_85.csv,NONE,DICTIONARY,0.9796943844112288
data_85.csv,GZIP,PLAIN,0.09285238955318
data_85.csv,GZIP,HUFFMAN,0.177660456102259
data_85.csv,GZIP,RLE,0.3034292267851762
data_85.csv,GZIP,DICTIONARY,0.0977895735770087
data_85.csv,LZ4,PLAIN,0.1322999896480874
data_85.csv,LZ4,HUFFMAN,0.2173866647417572
data_85.csv,LZ4,RLE,0.3510693544074089
data_85.csv,LZ4,DICTIONARY,0.1360287651199534
data_85.csv,SNAPPY,PLAIN,0.1729049906499795
data_85.csv,SNAPPY,HUFFMAN,0.2712878426776914
data_85.csv,SNAPPY,RLE,0.4127344360621472
data_85.csv,SNAPPY,DICTIONARY,0.1757753215745059
data_54.csv,NONE,PLAIN,0.9903103353660933
data_54.csv,NONE,HUFFMAN,0.6995242846857397
data_54.csv,NONE,RLE,1.013092568093483
data_54.csv,NONE,DICTIONARY,0.9844831247858136
data_54.csv,GZIP,PLAIN,0.0893815214476276
data_54.csv,GZIP,HUFFMAN,0.1837402692954721
data_54.csv,GZIP,RLE,0.3125170955012632
data_54.csv,GZIP,DICTIONARY,0.0934028697830757
data_54.csv,LZ4,PLAIN,0.1264321934087391
data_54.csv,LZ4,HUFFMAN,0.2152092216735328
data_54.csv,LZ4,RLE,0.3482858688005237
data_54.csv,LZ4,DICTIONARY,0.1297380497468195
data_54.csv,SNAPPY,PLAIN,0.1710800700492591
data_54.csv,SNAPPY,HUFFMAN,0.2804225353091425
data_54.csv,SNAPPY,RLE,0.427064878633367
data_54.csv,SNAPPY,DICTIONARY,0.1739046464322928
data_73.csv,NONE,PLAIN,0.9898490051918932
data_73.csv,NONE,HUFFMAN,0.6978489690984738
data_73.csv,NONE,RLE,1.0155004194742547
data_73.csv,NONE,DICTIONARY,0.9854779021532546
data_73.csv,GZIP,PLAIN,0.0924858948621604
data_73.csv,GZIP,HUFFMAN,0.1832322377704837
data_73.csv,GZIP,RLE,0.3048435105834035
data_73.csv,GZIP,DICTIONARY,0.0966949406831752
data_73.csv,LZ4,PLAIN,0.1297851472171513
data_73.csv,LZ4,HUFFMAN,0.2188161866917026
data_73.csv,LZ4,RLE,0.3423936289639521
data_73.csv,LZ4,DICTIONARY,0.1333106250226456
data_73.csv,SNAPPY,PLAIN,0.1740353160698211
data_73.csv,SNAPPY,HUFFMAN,0.2811594390758587
data_73.csv,SNAPPY,RLE,0.4190589847764829
data_73.csv,SNAPPY,DICTIONARY,0.1770793154843925
data_45.csv,NONE,PLAIN,0.9890263281516712
data_45.csv,NONE,HUFFMAN,0.6945517844479884
data_45.csv,NONE,RLE,1.0189435973274268
data_45.csv,NONE,DICTIONARY,0.987529766098091
data_45.csv,GZIP,PLAIN,0.0915959167179648
data_45.csv,GZIP,HUFFMAN,0.1722354227634653
data_45.csv,GZIP,RLE,0.3003565307945564
data_45.csv,GZIP,DICTIONARY,0.0966947232193082
data_45.csv,LZ4,PLAIN,0.127002149287987
data_45.csv,LZ4,HUFFMAN,0.2051534809741254
data_45.csv,LZ4,RLE,0.3335823630133318
data_45.csv,LZ4,DICTIONARY,0.1309857993332176
data_45.csv,SNAPPY,PLAIN,0.1679153910270432
data_45.csv,SNAPPY,HUFFMAN,0.2607439729752754
data_45.csv,SNAPPY,RLE,0.4042068563623623
data_45.csv,SNAPPY,DICTIONARY,0.1716518924178504
data_49.csv,NONE,PLAIN,0.989508326786912
data_49.csv,NONE,HUFFMAN,0.6970161368197703
data_49.csv,NONE,RLE,1.0173968065063452
data_49.csv,NONE,DICTIONARY,0.9879278191442008
data_49.csv,GZIP,PLAIN,0.0895121835932617
data_49.csv,GZIP,HUFFMAN,0.1767481844736576
data_49.csv,GZIP,RLE,0.3018491501541707
data_49.csv,GZIP,DICTIONARY,0.0943067158597966
data_49.csv,LZ4,PLAIN,0.1246464425021219
data_49.csv,LZ4,HUFFMAN,0.209171456501169
data_49.csv,LZ4,RLE,0.3336465466068948
data_49.csv,LZ4,DICTIONARY,0.128467406651512
data_49.csv,SNAPPY,PLAIN,0.1675082914086883
data_49.csv,SNAPPY,HUFFMAN,0.2705191812319103
data_49.csv,SNAPPY,RLE,0.4078674499753367
data_49.csv,SNAPPY,DICTIONARY,0.1710590181266998
data_55.csv,NONE,PLAIN,0.9906085525435824
data_55.csv,NONE,HUFFMAN,0.6998798211203568
data_55.csv,NONE,RLE,1.0132919701590353
data_55.csv,NONE,DICTIONARY,0.983499051607076
data_55.csv,GZIP,PLAIN,0.0892411530920898
data_55.csv,GZIP,HUFFMAN,0.1853133866104667
data_55.csv,GZIP,RLE,0.3038959078378562
data_55.csv,GZIP,DICTIONARY,0.0930923117644499
data_55.csv,LZ4,PLAIN,0.1268636601591451
data_55.csv,LZ4,HUFFMAN,0.2175289378507913
data_55.csv,LZ4,RLE,0.3418272761278633
data_55.csv,LZ4,DICTIONARY,0.1300481540448709
data_55.csv,SNAPPY,PLAIN,0.1717155861219552
data_55.csv,SNAPPY,HUFFMAN,0.2844254481512037
data_55.csv,SNAPPY,RLE,0.4203193786868677
data_55.csv,SNAPPY,DICTIONARY,0.1742440101704134
data_91.csv,NONE,PLAIN,0.990942615938894
data_91.csv,NONE,HUFFMAN,0.6992926486605905
data_91.csv,NONE,RLE,1.0117234130413189
data_91.csv,NONE,DICTIONARY,0.9908545442174284
data_91.csv,GZIP,PLAIN,0.0839490980329819
data_91.csv,GZIP,HUFFMAN,0.1716142892546678
data_91.csv,GZIP,RLE,0.2816365921229565
data_91.csv,GZIP,DICTIONARY,0.0880196837476307
data_91.csv,LZ4,PLAIN,0.1189425012456096
data_91.csv,LZ4,HUFFMAN,0.1994002762025618
data_91.csv,LZ4,RLE,0.3121555979568489
data_91.csv,LZ4,DICTIONARY,0.1223842487137207
data_91.csv,SNAPPY,PLAIN,0.1629774130401391
data_91.csv,SNAPPY,HUFFMAN,0.2652942096895359
data_91.csv,SNAPPY,RLE,0.3944402584302321
data_91.csv,SNAPPY,DICTIONARY,0.1662571741970168
data_101.csv,NONE,PLAIN,0.9889365085162046
data_101.csv,NONE,HUFFMAN,0.6953107050033565
data_101.csv,NONE,RLE,1.0194354963526808
data_101.csv,NONE,DICTIONARY,0.9844133258606276
data_101.csv,GZIP,PLAIN,0.0913367212488954
data_101.csv,GZIP,HUFFMAN,0.1766187825683887
data_101.csv,GZIP,RLE,0.2992797058737205
data_101.csv,GZIP,DICTIONARY,0.0963806456760446
data_101.csv,LZ4,PLAIN,0.1299537083990704
data_101.csv,LZ4,HUFFMAN,0.216129893579572
data_101.csv,LZ4,RLE,0.3474107506210527
data_101.csv,LZ4,DICTIONARY,0.133815322040457
data_101.csv,SNAPPY,PLAIN,0.171470247958643
data_101.csv,SNAPPY,HUFFMAN,0.269840188576641
data_101.csv,SNAPPY,RLE,0.4112033646864098
data_101.csv,SNAPPY,DICTIONARY,0.174884040083535
data_95.csv,NONE,PLAIN,0.9898093924014094
data_95.csv,NONE,HUFFMAN,0.6986032827089362
data_95.csv,NONE,RLE,1.0155718937214144
data_95.csv,NONE,DICTIONARY,0.9817244320375856
data_95.csv,GZIP,PLAIN,0.0915924180262812
data_95.csv,GZIP,HUFFMAN,0.1796592687093401
data_95.csv,GZIP,RLE,0.2997808510221511
data_95.csv,GZIP,DICTIONARY,0.0959397658913405
data_95.csv,LZ4,PLAIN,0.128804682263253
data_95.csv,LZ4,HUFFMAN,0.2152896659537326
data_95.csv,LZ4,RLE,0.3405592678312132
data_95.csv,LZ4,DICTIONARY,0.1322429435177452
data_95.csv,SNAPPY,PLAIN,0.1716351580437221
data_95.csv,SNAPPY,HUFFMAN,0.2728568297228428
data_95.csv,SNAPPY,RLE,0.4089437179131829
data_95.csv,SNAPPY,DICTIONARY,0.1745473030130339
data_10.csv,NONE,PLAIN,0.6956758706300034
data_10.csv,NONE,HUFFMAN,0.3988142538737637
data_10.csv,NONE,RLE,2.257506695197809
data_10.csv,NONE,DICTIONARY,0.1554311520910758
data_10.csv,GZIP,PLAIN,0.13234559299385
data_10.csv,GZIP,HUFFMAN,0.1346274062555758
data_10.csv,GZIP,RLE,0.1526462719011056
data_10.csv,GZIP,DICTIONARY,0.1278239240322319
data_10.csv,LZ4,PLAIN,0.1616599428614294
data_10.csv,LZ4,HUFFMAN,0.164356669790174
data_10.csv,LZ4,RLE,0.1773842808325567
data_10.csv,LZ4,DICTIONARY,0.1365515207073282
data_10.csv,SNAPPY,PLAIN,0.1655310577077524
data_10.csv,SNAPPY,HUFFMAN,0.1610869466634626
data_10.csv,SNAPPY,RLE,0.2438509921691932
data_10.csv,SNAPPY,DICTIONARY,0.1373105711441318
data_132.csv,NONE,PLAIN,0.9894997274406956
data_132.csv,NONE,HUFFMAN,0.6964229946484692
data_132.csv,NONE,RLE,1.0175844085990648
data_132.csv,NONE,DICTIONARY,0.9897202271352658
data_132.csv,GZIP,PLAIN,0.0917014083399842
data_132.csv,GZIP,HUFFMAN,0.1774298460525453
data_132.csv,GZIP,RLE,0.3061603040605858
data_132.csv,GZIP,DICTIONARY,0.0965901419389607
data_132.csv,LZ4,PLAIN,0.127729556936198
data_132.csv,LZ4,HUFFMAN,0.2104595234505063
data_132.csv,LZ4,RLE,0.3396868666648463
data_132.csv,LZ4,DICTIONARY,0.1315983453855967
data_132.csv,SNAPPY,PLAIN,0.1699499004519388
data_132.csv,SNAPPY,HUFFMAN,0.2668107465643701
data_132.csv,SNAPPY,RLE,0.4138674915969819
data_132.csv,SNAPPY,DICTIONARY,0.1736086822906947
data_34.csv,NONE,PLAIN,0.7742485602016331
data_34.csv,NONE,HUFFMAN,0.3942164306605641
data_34.csv,NONE,RLE,1.6499001187615168
data_34.csv,NONE,DICTIONARY,0.240983840434407
data_34.csv,GZIP,PLAIN,0.1307431712127878
data_34.csv,GZIP,HUFFMAN,0.1897245935858703
data_34.csv,GZIP,RLE,0.1509030252850859
data_34.csv,GZIP,DICTIONARY,0.141123387578572
data_34.csv,LZ4,PLAIN,0.1675916795763259
data_34.csv,LZ4,HUFFMAN,0.2389896799359802
data_34.csv,LZ4,RLE,0.187007345199827
data_34.csv,LZ4,DICTIONARY,0.1618315413078127
data_34.csv,SNAPPY,PLAIN,0.1764255712347072
data_34.csv,SNAPPY,HUFFMAN,0.249076378047732
data_34.csv,SNAPPY,RLE,0.2200952296670111
data_34.csv,SNAPPY,DICTIONARY,0.1620438066546131
data_8.csv,NONE,PLAIN,0.7585016992622386
data_8.csv,NONE,HUFFMAN,0.4011619370646608
data_8.csv,NONE,RLE,1.8101493707409
data_8.csv,NONE,DICTIONARY,0.1278076890437659
data_8.csv,GZIP,PLAIN,0.1099044830080511
data_8.csv,GZIP,HUFFMAN,0.1110413655521895
data_8.csv,GZIP,RLE,0.1241273012105643
data_8.csv,GZIP,DICTIONARY,0.1041985180116409
data_8.csv,LZ4,PLAIN,0.1386986601219589
data_8.csv,LZ4,HUFFMAN,0.1371118738222018
data_8.csv,LZ4,RLE,0.1490336498374823
data_8.csv,LZ4,DICTIONARY,0.1118623725553321
data_8.csv,SNAPPY,PLAIN,0.1454569823311749
data_8.csv,SNAPPY,HUFFMAN,0.1358059406153983
data_8.csv,SNAPPY,RLE,0.1985671777699052
data_8.csv,SNAPPY,DICTIONARY,0.112715707972052
data_58.csv,NONE,PLAIN,0.9891001342891824
data_58.csv,NONE,HUFFMAN,0.6953189391295352
data_58.csv,NONE,RLE,1.018282101807056
data_58.csv,NONE,DICTIONARY,0.9823797749115988
data_58.csv,GZIP,PLAIN,0.0929207943610823
data_58.csv,GZIP,HUFFMAN,0.1768389392086046
data_58.csv,GZIP,RLE,0.3045848897250011
data_58.csv,GZIP,DICTIONARY,0.0978509208274863
data_58.csv,LZ4,PLAIN,0.1320655953702234
data_58.csv,LZ4,HUFFMAN,0.217439815087836
data_58.csv,LZ4,RLE,0.3529063228649549
data_58.csv,LZ4,DICTIONARY,0.1358238774774215
data_58.csv,SNAPPY,PLAIN,0.173617610167701
data_58.csv,SNAPPY,HUFFMAN,0.2700915255190628
data_58.csv,SNAPPY,RLE,0.4150392323464025
data_58.csv,SNAPPY,DICTIONARY,0.1768528662041326
data_75.csv,NONE,PLAIN,0.9903422509598008
data_75.csv,NONE,HUFFMAN,0.6986486416827707
data_75.csv,NONE,RLE,1.014606878443678
data_75.csv,NONE,DICTIONARY,0.9872320106697892
data_75.csv,GZIP,PLAIN,0.0911433533165795
data_75.csv,GZIP,HUFFMAN,0.1841690855555504
data_75.csv,GZIP,RLE,0.3031706865122719
data_75.csv,GZIP,DICTIONARY,0.095381886915102
data_75.csv,LZ4,PLAIN,0.1292236323024828
data_75.csv,LZ4,HUFFMAN,0.2175700727172394
data_75.csv,LZ4,RLE,0.3402085123365367
data_75.csv,LZ4,DICTIONARY,0.1326705320054336
data_75.csv,SNAPPY,PLAIN,0.1732435122727806
data_75.csv,SNAPPY,HUFFMAN,0.2801769218602352
data_75.csv,SNAPPY,RLE,0.4187529521115618
data_75.csv,SNAPPY,DICTIONARY,0.1762913529617156
data_117.csv,NONE,PLAIN,0.9889477160045844
data_117.csv,NONE,HUFFMAN,0.6946892527497905
data_117.csv,NONE,RLE,1.020271050482108
data_117.csv,NONE,DICTIONARY,0.9855770999546009
data_117.csv,GZIP,PLAIN,0.092050762711957
data_117.csv,GZIP,HUFFMAN,0.1768917904725571
data_117.csv,GZIP,RLE,0.3003095081491083
data_117.csv,GZIP,DICTIONARY,0.0971293773325729
data_117.csv,LZ4,PLAIN,0.1312791797381411
data_117.csv,LZ4,HUFFMAN,0.2170015720374282
data_117.csv,LZ4,RLE,0.3490735397093352
data_117.csv,LZ4,DICTIONARY,0.1351591567992895
data_117.csv,SNAPPY,PLAIN,0.172370103532027
data_117.csv,SNAPPY,HUFFMAN,0.269334591173739
data_117.csv,SNAPPY,RLE,0.4124748096999335
data_117.csv,SNAPPY,DICTIONARY,0.175869000847397
data_124.csv,NONE,PLAIN,0.9888681988527112
data_124.csv,NONE,HUFFMAN,0.6926208656971904
data_124.csv,NONE,RLE,1.0191046787576088
data_124.csv,NONE,DICTIONARY,0.9899058740733244
data_124.csv,GZIP,PLAIN,0.1056449246090141
data_124.csv,GZIP,HUFFMAN,0.1914880641648036
data_124.csv,GZIP,RLE,0.3293801545191963
data_124.csv,GZIP,DICTIONARY,0.1105812425999561
data_124.csv,LZ4,PLAIN,0.1517030316839206
data_124.csv,LZ4,HUFFMAN,0.2367352783630086
data_124.csv,LZ4,RLE,0.3877797409334131
data_124.csv,LZ4,DICTIONARY,0.1557982536238714
data_124.csv,SNAPPY,PLAIN,0.1912411159552784
data_124.csv,SNAPPY,HUFFMAN,0.2894962697558947
data_124.csv,SNAPPY,RLE,0.4444401963309743
data_124.csv,SNAPPY,DICTIONARY,0.1952947895205266
data_139.csv,NONE,PLAIN,0.9907740023010192
data_139.csv,NONE,HUFFMAN,0.6993633770694245
data_139.csv,NONE,RLE,1.0122925861464744
data_139.csv,NONE,DICTIONARY,0.9901718268698756
data_139.csv,GZIP,PLAIN,0.0898685210916847
data_139.csv,GZIP,HUFFMAN,0.1833592111634312
data_139.csv,GZIP,RLE,0.3108225430690491
data_139.csv,GZIP,DICTIONARY,0.0938351650660643
data_139.csv,LZ4,PLAIN,0.1270279786782367
data_139.csv,LZ4,HUFFMAN,0.21637852760588
data_139.csv,LZ4,RLE,0.3475524393247542
data_139.csv,LZ4,DICTIONARY,0.1304417692462189
data_139.csv,SNAPPY,PLAIN,0.171966031228088
data_139.csv,SNAPPY,HUFFMAN,0.2818850332432784
data_139.csv,SNAPPY,RLE,0.4263096354640058
data_139.csv,SNAPPY,DICTIONARY,0.1753461352947032
data_115.csv,NONE,PLAIN,0.988987739558096
data_115.csv,NONE,HUFFMAN,0.694323987773863
data_115.csv,NONE,RLE,1.0200053600612655
data_115.csv,NONE,DICTIONARY,0.9818747597520115
data_115.csv,GZIP,PLAIN,0.092569375240172
data_115.csv,GZIP,HUFFMAN,0.1768582815709156
data_115.csv,GZIP,RLE,0.3026845661626035
data_115.csv,GZIP,DICTIONARY,0.0975294355584691
data_115.csv,LZ4,PLAIN,0.1318264202325676
data_115.csv,LZ4,HUFFMAN,0.2161456848622774
data_115.csv,LZ4,RLE,0.3499441194790929
data_115.csv,LZ4,DICTIONARY,0.1356024765328831
data_115.csv,SNAPPY,PLAIN,0.1721904198801685
data_115.csv,SNAPPY,HUFFMAN,0.2736463674686297
data_115.csv,SNAPPY,RLE,0.4131884404583593
data_115.csv,SNAPPY,DICTIONARY,0.1753418541792539
data_70.csv,NONE,PLAIN,0.9896025517801584
data_70.csv,NONE,HUFFMAN,0.6966773041094505
data_70.csv,NONE,RLE,1.016982372156216
data_70.csv,NONE,DICTIONARY,0.986702872764794
data_70.csv,GZIP,PLAIN,0.0882952013737821
data_70.csv,GZIP,HUFFMAN,0.1724673342155136
data_70.csv,GZIP,RLE,0.2841609763272273
data_70.csv,GZIP,DICTIONARY,0.0930869359505604
data_70.csv,LZ4,PLAIN,0.124111729941374
data_70.csv,LZ4,HUFFMAN,0.2031568239177579
data_70.csv,LZ4,RLE,0.3139364900335475
data_70.csv,LZ4,DICTIONARY,0.1278825332675346
data_70.csv,SNAPPY,PLAIN,0.1653379503366365
data_70.csv,SNAPPY,HUFFMAN,0.2613755930196286
data_70.csv,SNAPPY,RLE,0.3895614512735025
data_70.csv,SNAPPY,DICTIONARY,0.1687435865625349
data_62.csv,NONE,PLAIN,0.9889562486951778
data_62.csv,NONE,HUFFMAN,0.6960396281955462
data_62.csv,NONE,RLE,1.0189922057507812
data_62.csv,NONE,DICTIONARY,0.9716940897085572
data_62.csv,GZIP,PLAIN,0.0930814781414242
data_62.csv,GZIP,HUFFMAN,0.1771227506669815
data_62.csv,GZIP,RLE,0.3050519106540252
data_62.csv,GZIP,DICTIONARY,0.0977641121668925
data_62.csv,LZ4,PLAIN,0.131984963716426
data_62.csv,LZ4,HUFFMAN,0.218133242597732
data_62.csv,LZ4,RLE,0.3526382667186872
data_62.csv,LZ4,DICTIONARY,0.135377509046287
data_62.csv,SNAPPY,PLAIN,0.1728593279800501
data_62.csv,SNAPPY,HUFFMAN,0.2755069595421476
data_62.csv,SNAPPY,RLE,0.4135735663122363
data_62.csv,SNAPPY,DICTIONARY,0.1756112118604809
data_41.csv,NONE,PLAIN,0.988624451062885
data_41.csv,NONE,HUFFMAN,0.6927080287702474
data_41.csv,NONE,RLE,1.020094060336331
data_41.csv,NONE,DICTIONARY,0.98820929867286
data_41.csv,GZIP,PLAIN,0.094209125205137
data_41.csv,GZIP,HUFFMAN,0.1703446502401799
data_41.csv,GZIP,RLE,0.2967470382813761
data_41.csv,GZIP,DICTIONARY,0.0995456695482205
data_41.csv,LZ4,PLAIN,0.1301475045155602
data_41.csv,LZ4,HUFFMAN,0.2040343289324586
data_41.csv,LZ4,RLE,0.3304795081682788
data_41.csv,LZ4,DICTIONARY,0.1342504176187189
data_41.csv,SNAPPY,PLAIN,0.1698370999906357
data_41.csv,SNAPPY,HUFFMAN,0.2583405251067764
data_41.csv,SNAPPY,RLE,0.3975591093443863
data_41.csv,SNAPPY,DICTIONARY,0.1739186330569167
data_59.csv,NONE,PLAIN,0.9890729142227048
data_59.csv,NONE,HUFFMAN,0.6954619079845625
data_59.csv,NONE,RLE,1.01861962720272
data_59.csv,NONE,DICTIONARY,0.984786056583943
data_59.csv,GZIP,PLAIN,0.0930589874538201
data_59.csv,GZIP,HUFFMAN,0.1778183597771314
data_59.csv,GZIP,RLE,0.303230259090288
data_59.csv,GZIP,DICTIONARY,0.098048862883404
data_59.csv,LZ4,PLAIN,0.1325721708969546
data_59.csv,LZ4,HUFFMAN,0.2184750425371687
data_59.csv,LZ4,RLE,0.3514317125197184
data_59.csv,LZ4,DICTIONARY,0.136384487762627
data_59.csv,SNAPPY,PLAIN,0.1738601693548627
data_59.csv,SNAPPY,HUFFMAN,0.2726734530393903
data_59.csv,SNAPPY,RLE,0.4137630857448921
data_59.csv,SNAPPY,DICTIONARY,0.1774712927375416
data_137.csv,NONE,PLAIN,0.9904785477961588
data_137.csv,NONE,HUFFMAN,0.6991530595326033
data_137.csv,NONE,RLE,1.0134508967420317
data_137.csv,NONE,DICTIONARY,0.990273395322326
data_137.csv,GZIP,PLAIN,0.0895974847024505
data_137.csv,GZIP,HUFFMAN,0.1823090397098524
data_137.csv,GZIP,RLE,0.3034608180545717
data_137.csv,GZIP,DICTIONARY,0.0937728450836238
data_137.csv,LZ4,PLAIN,0.1273889210879139
data_137.csv,LZ4,HUFFMAN,0.2151014338742155
data_137.csv,LZ4,RLE,0.3414774413351408
data_137.csv,LZ4,DICTIONARY,0.130896654414594
data_137.csv,SNAPPY,PLAIN,0.1714962488484548
data_137.csv,SNAPPY,HUFFMAN,0.2765127317010872
data_137.csv,SNAPPY,RLE,0.4183997353746788
data_137.csv,SNAPPY,DICTIONARY,0.1748582384385161
data_17.csv,NONE,PLAIN,0.7778321944070589
data_17.csv,NONE,HUFFMAN,0.4535329858797113
data_17.csv,NONE,RLE,1.6677677768278976
data_17.csv,NONE,DICTIONARY,0.1238115046535517
data_17.csv,GZIP,PLAIN,0.10649234471681
data_17.csv,GZIP,HUFFMAN,0.1094736183015109
data_17.csv,GZIP,RLE,0.1196043070693194
data_17.csv,GZIP,DICTIONARY,0.0988699181498125
data_17.csv,LZ4,PLAIN,0.1341167054850102
data_17.csv,LZ4,HUFFMAN,0.1378081160818291
data_17.csv,LZ4,RLE,0.146727759320897
data_17.csv,LZ4,DICTIONARY,0.1067118021609739
data_17.csv,SNAPPY,PLAIN,0.140626656392256
data_17.csv,SNAPPY,HUFFMAN,0.1387786263327855
data_17.csv,SNAPPY,RLE,0.1877855194043156
data_17.csv,SNAPPY,DICTIONARY,0.1079113788684799
data_78.csv,NONE,PLAIN,0.990908457550105
data_78.csv,NONE,HUFFMAN,0.7003773680421044
data_78.csv,NONE,RLE,1.0106585295377328
data_78.csv,NONE,DICTIONARY,0.986216618478604
data_78.csv,GZIP,PLAIN,0.0877462396645439
data_78.csv,GZIP,HUFFMAN,0.1825906473974561
data_78.csv,GZIP,RLE,0.295610972593577
data_78.csv,GZIP,DICTIONARY,0.0915149580141088
data_78.csv,LZ4,PLAIN,0.1247825647844794
data_78.csv,LZ4,HUFFMAN,0.2138080415129907
data_78.csv,LZ4,RLE,0.332308448377791
data_78.csv,LZ4,DICTIONARY,0.1278575705046451
data_78.csv,SNAPPY,PLAIN,0.1703686894292089
data_78.csv,SNAPPY,HUFFMAN,0.278371984445159
data_78.csv,SNAPPY,RLE,0.4115432067361874
data_78.csv,SNAPPY,DICTIONARY,0.1730283346811957
data_77.csv,NONE,PLAIN,0.9906216444877612
data_77.csv,NONE,HUFFMAN,0.7004001142184857
data_77.csv,NONE,RLE,1.013648494728728
data_77.csv,NONE,DICTIONARY,0.9864681968667446
data_77.csv,GZIP,PLAIN,0.0890615835062745
data_77.csv,GZIP,HUFFMAN,0.1853198107006537
data_77.csv,GZIP,RLE,0.2991227927097594
data_77.csv,GZIP,DICTIONARY,0.0931437769672238
data_77.csv,LZ4,PLAIN,0.1269958314065671
data_77.csv,LZ4,HUFFMAN,0.2179547720640055
data_77.csv,LZ4,RLE,0.3380806274051919
data_77.csv,LZ4,DICTIONARY,0.1302936200968611
data_77.csv,SNAPPY,PLAIN,0.1719604897668328
data_77.csv,SNAPPY,HUFFMAN,0.2849733211291277
data_77.csv,SNAPPY,RLE,0.4153446297082027
data_77.csv,SNAPPY,DICTIONARY,0.174964868071506
data_106.csv,NONE,PLAIN,0.9888885603742912
data_106.csv,NONE,HUFFMAN,0.6945129839222393
data_106.csv,NONE,RLE,1.0188770592603638
data_106.csv,NONE,DICTIONARY,0.9892613569857368
data_106.csv,GZIP,PLAIN,0.1046236493597891
data_106.csv,GZIP,HUFFMAN,0.1940611110814301
data_106.csv,GZIP,RLE,0.3301537606165529
data_106.csv,GZIP,DICTIONARY,0.1093164668947138
data_106.csv,LZ4,PLAIN,0.1500459461730383
data_106.csv,LZ4,HUFFMAN,0.2406252322200209
data_106.csv,LZ4,RLE,0.389351652629447
data_106.csv,LZ4,DICTIONARY,0.1541429448097095
data_106.csv,SNAPPY,PLAIN,0.1911309801056956
data_106.csv,SNAPPY,HUFFMAN,0.2902153168318899
data_106.csv,SNAPPY,RLE,0.44685442955592
data_106.csv,SNAPPY,DICTIONARY,0.195020012812474
data_114.csv,NONE,PLAIN,0.9890806678354928
data_114.csv,NONE,HUFFMAN,0.6949788688743102
data_114.csv,NONE,RLE,1.0192359857868587
data_114.csv,NONE,DICTIONARY,0.9845005676173209
data_114.csv,GZIP,PLAIN,0.0935434674240175
data_114.csv,GZIP,HUFFMAN,0.1793152506622202
data_114.csv,GZIP,RLE,0.3039024253602638
data_114.csv,GZIP,DICTIONARY,0.0985625951411328
data_114.csv,LZ4,PLAIN,0.1333068669865734
data_114.csv,LZ4,HUFFMAN,0.2199483652412661
data_114.csv,LZ4,RLE,0.3533223449042215
data_114.csv,LZ4,DICTIONARY,0.1371295397638679
data_114.csv,SNAPPY,PLAIN,0.1738232218260697
data_114.csv,SNAPPY,HUFFMAN,0.273178659111691
data_114.csv,SNAPPY,RLE,0.4154616425974098
data_114.csv,SNAPPY,DICTIONARY,0.1773002084179481
data_21.csv,NONE,PLAIN,0.716591192196469
data_21.csv,NONE,HUFFMAN,0.3746385242865075
data_21.csv,NONE,RLE,2.124748912117069
data_21.csv,NONE,DICTIONARY,0.1106895704629811
data_21.csv,GZIP,PLAIN,0.1075821234116198
data_21.csv,GZIP,HUFFMAN,0.1049055640995868
data_21.csv,GZIP,RLE,0.1210158682012747
data_21.csv,GZIP,DICTIONARY,0.1034671652484101
data_21.csv,LZ4,PLAIN,0.1106311182306983
data_21.csv,LZ4,HUFFMAN,0.1089719437183992
data_21.csv,LZ4,RLE,0.1197911359559428
data_21.csv,LZ4,DICTIONARY,0.1049079337846793
data_21.csv,SNAPPY,PLAIN,0.1357936193859198
data_21.csv,SNAPPY,HUFFMAN,0.1195450836538332
data_21.csv,SNAPPY,RLE,0.2051697049979028
data_21.csv,SNAPPY,DICTIONARY,0.1066780885488127
data_71.csv,NONE,PLAIN,0.9896407674157044
data_71.csv,NONE,HUFFMAN,0.6971011386447851
data_71.csv,NONE,RLE,1.0166066995233294
data_71.csv,NONE,DICTIONARY,0.986383811439409
data_71.csv,GZIP,PLAIN,0.0911138416732252
data_71.csv,GZIP,HUFFMAN,0.1781637426399418
data_71.csv,GZIP,RLE,0.2941858362087011
data_71.csv,GZIP,DICTIONARY,0.0957102410333775
data_71.csv,LZ4,PLAIN,0.1272437567533314
data_71.csv,LZ4,HUFFMAN,0.2108934282351133
data_71.csv,LZ4,RLE,0.3280550667215412
data_71.csv,LZ4,DICTIONARY,0.1309378953627726
data_71.csv,SNAPPY,PLAIN,0.1697118422341832
data_71.csv,SNAPPY,HUFFMAN,0.270411348826332
data_71.csv,SNAPPY,RLE,0.4033014104503329
data_71.csv,SNAPPY,DICTIONARY,0.1731809764414582
data_36.csv,NONE,PLAIN,0.7617333540581003
data_36.csv,NONE,HUFFMAN,0.3768171666516685
data_36.csv,NONE,RLE,1.7607598354017195
data_36.csv,NONE,DICTIONARY,0.8334137781522779
data_36.csv,GZIP,PLAIN,0.3467362582524113
data_36.csv,GZIP,HUFFMAN,0.329221103266605
data_36.csv,GZIP,RLE,0.4816708525241948
data_36.csv,GZIP,DICTIONARY,0.4233006372865826
data_36.csv,LZ4,PLAIN,0.5021311059662786
data_36.csv,LZ4,HUFFMAN,0.3645131997676644
data_36.csv,LZ4,RLE,0.7208701129772491
data_36.csv,LZ4,DICTIONARY,0.5747768678877917
data_36.csv,SNAPPY,PLAIN,0.4846813976128341
data_36.csv,SNAPPY,HUFFMAN,0.3735284733754919
data_36.csv,SNAPPY,RLE,0.6652731987859649
data_36.csv,SNAPPY,DICTIONARY,0.5578180092770602
data_60.csv,NONE,PLAIN,0.9888158231877112
data_60.csv,NONE,HUFFMAN,0.6953200142095125
data_60.csv,NONE,RLE,1.019672831437048
data_60.csv,NONE,DICTIONARY,0.9815362101909088
data_60.csv,GZIP,PLAIN,0.0939565407326896
data_60.csv,GZIP,HUFFMAN,0.1812699603805607
data_60.csv,GZIP,RLE,0.3040998667835308
data_60.csv,GZIP,DICTIONARY,0.0989277031075022
data_60.csv,LZ4,PLAIN,0.1338224702765693
data_60.csv,LZ4,HUFFMAN,0.2226954996017423
data_60.csv,LZ4,RLE,0.3533063014011703
data_60.csv,LZ4,DICTIONARY,0.1375113398203581
data_60.csv,SNAPPY,PLAIN,0.1756948113151255
data_60.csv,SNAPPY,HUFFMAN,0.2761671991673047
data_60.csv,SNAPPY,RLE,0.4164498151276981
data_60.csv,SNAPPY,DICTIONARY,0.1787602215568096
data_5.csv,NONE,PLAIN,0.4451446393413142
data_5.csv,NONE,HUFFMAN,0.2875421306797791
data_5.csv,NONE,RLE,4.041377016233287
data_5.csv,NONE,DICTIONARY,0.3095631529917703
data_5.csv,GZIP,PLAIN,0.2369822277414559
data_5.csv,GZIP,HUFFMAN,0.2362335809013244
data_5.csv,GZIP,RLE,0.3097097951563321
data_5.csv,GZIP,DICTIONARY,0.2429544228434533
data_5.csv,LZ4,PLAIN,0.299777489810299
data_5.csv,LZ4,HUFFMAN,0.2539209413500803
data_5.csv,LZ4,RLE,0.4846361460586831
data_5.csv,LZ4,DICTIONARY,0.266657199242709
data_5.csv,SNAPPY,PLAIN,0.2779200892819242
data_5.csv,SNAPPY,HUFFMAN,0.2558844027534768
data_5.csv,SNAPPY,RLE,0.5095298111943541
data_5.csv,SNAPPY,DICTIONARY,0.270135705746289
data_76.csv,NONE,PLAIN,0.9905667724356284
data_76.csv,NONE,HUFFMAN,0.7001321719692166
data_76.csv,NONE,RLE,1.0132776899328662
data_76.csv,NONE,DICTIONARY,0.9853885180740362
data_76.csv,GZIP,PLAIN,0.0884169007899624
data_76.csv,GZIP,HUFFMAN,0.1821234156847489
data_76.csv,GZIP,RLE,0.2981272862906188
data_76.csv,GZIP,DICTIONARY,0.0923570736227036
data_76.csv,LZ4,PLAIN,0.1255551647473242
data_76.csv,LZ4,HUFFMAN,0.2136446668401325
data_76.csv,LZ4,RLE,0.3339556135423442
data_76.csv,LZ4,DICTIONARY,0.1288150805184335
data_76.csv,SNAPPY,PLAIN,0.1700392528629172
data_76.csv,SNAPPY,HUFFMAN,0.2755442194574929
data_76.csv,SNAPPY,RLE,0.4121427516182472
data_76.csv,SNAPPY,DICTIONARY,0.1730447823712634
data_48.csv,NONE,PLAIN,0.9895625122782904
data_48.csv,NONE,HUFFMAN,0.6958076613531384
data_48.csv,NONE,RLE,1.0163874847984276
data_48.csv,NONE,DICTIONARY,0.9877039566243176
data_48.csv,GZIP,PLAIN,0.088599565508246
data_48.csv,GZIP,HUFFMAN,0.1734546472876079
data_48.csv,GZIP,RLE,0.300077995535786
data_48.csv,GZIP,DICTIONARY,0.0934064972089793
data_48.csv,LZ4,PLAIN,0.1232518678360295
data_48.csv,LZ4,HUFFMAN,0.2055555169373993
data_48.csv,LZ4,RLE,0.3321630589825484
data_48.csv,LZ4,DICTIONARY,0.1270608743316579
data_48.csv,SNAPPY,PLAIN,0.1656292211467498
data_48.csv,SNAPPY,HUFFMAN,0.2647576215391013
data_48.csv,SNAPPY,RLE,0.4093825332745812
data_48.csv,SNAPPY,DICTIONARY,0.1691337563300165
data_15.csv,NONE,PLAIN,0.7433552704317182
data_15.csv,NONE,HUFFMAN,0.4129673977720839
data_15.csv,NONE,RLE,1.9250392423954552
data_15.csv,NONE,DICTIONARY,0.1371174201886426
data_15.csv,GZIP,PLAIN,0.117749370350532
data_15.csv,GZIP,HUFFMAN,0.1185812697755016
data_15.csv,GZIP,RLE,0.1346252999757765
data_15.csv,GZIP,DICTIONARY,0.1113711169528937
data_15.csv,LZ4,PLAIN,0.1505687866326464
data_15.csv,LZ4,HUFFMAN,0.1483854531740809
data_15.csv,LZ4,RLE,0.1632580258615168
data_15.csv,LZ4,DICTIONARY,0.1198475459324769
data_15.csv,SNAPPY,PLAIN,0.1510096038763293
data_15.csv,SNAPPY,HUFFMAN,0.1465459714778362
data_15.csv,SNAPPY,RLE,0.2137494905734166
data_15.csv,SNAPPY,DICTIONARY,0.1204855143947225
data_24.csv,NONE,PLAIN,0.7099089047754756
data_24.csv,NONE,HUFFMAN,0.4056330683547681
data_24.csv,NONE,RLE,2.1636136527628715
data_24.csv,NONE,DICTIONARY,0.1732139211774669
data_24.csv,GZIP,PLAIN,0.148295425835309
data_24.csv,GZIP,HUFFMAN,0.1505692693584931
data_24.csv,GZIP,RLE,0.1713964633143139
data_24.csv,GZIP,DICTIONARY,0.1310166404922012
data_24.csv,LZ4,PLAIN,0.1958577645187435
data_24.csv,LZ4,HUFFMAN,0.1955679252643216
data_24.csv,LZ4,RLE,0.2325363764433853
data_24.csv,LZ4,DICTIONARY,0.1462746358313273
data_24.csv,SNAPPY,PLAIN,0.1861928178883775
data_24.csv,SNAPPY,HUFFMAN,0.1897735656089757
data_24.csv,SNAPPY,RLE,0.2646111121217082
data_24.csv,SNAPPY,DICTIONARY,0.1456343214951986
data_110.csv,NONE,PLAIN,0.9889692494246702
data_110.csv,NONE,HUFFMAN,0.6946444896535112
data_110.csv,NONE,RLE,1.0192687163659335
data_110.csv,NONE,DICTIONARY,0.9859409800060284
data_110.csv,GZIP,PLAIN,0.0978172530248179
data_110.csv,GZIP,HUFFMAN,0.1851076344614837
data_110.csv,GZIP,RLE,0.3128319506810768
data_110.csv,GZIP,DICTIONARY,0.1027779617869414
data_110.csv,LZ4,PLAIN,0.1386164039480037
data_110.csv,LZ4,HUFFMAN,0.2268055204525277
data_110.csv,LZ4,RLE,0.3629379217939121
data_110.csv,LZ4,DICTIONARY,0.142505594046774
data_110.csv,SNAPPY,PLAIN,0.1798010860267935
data_110.csv,SNAPPY,HUFFMAN,0.2783907032192427
data_110.csv,SNAPPY,RLE,0.4247244514915581
data_110.csv,SNAPPY,DICTIONARY,0.1832983870664984
data_80.csv,NONE,PLAIN,0.9893005892380328
data_80.csv,NONE,HUFFMAN,0.6964565691426704
data_80.csv,NONE,RLE,1.0176403759845267
data_80.csv,NONE,DICTIONARY,0.9787193580010992
data_80.csv,GZIP,PLAIN,0.0946811713085154
data_80.csv,GZIP,HUFFMAN,0.1810267585966745
data_80.csv,GZIP,RLE,0.3060070989218141
data_80.csv,GZIP,DICTIONARY,0.0991967394971859
data_80.csv,LZ4,PLAIN,0.1332263004428277
data_80.csv,LZ4,HUFFMAN,0.2206032565694025
data_80.csv,LZ4,RLE,0.3507676973838738
data_80.csv,LZ4,DICTIONARY,0.1367495976669318
data_80.csv,SNAPPY,PLAIN,0.1755114778541551
data_80.csv,SNAPPY,HUFFMAN,0.2724644305320848
data_80.csv,SNAPPY,RLE,0.415927050454625
data_80.csv,SNAPPY,DICTIONARY,0.1782760873328381
data_30.csv,NONE,PLAIN,0.4369923935881543
data_30.csv,NONE,HUFFMAN,0.2565090696652725
data_30.csv,NONE,RLE,4.1009194572375245
data_30.csv,NONE,DICTIONARY,0.2144517909485813
data_30.csv,GZIP,PLAIN,0.2023080013375632
data_30.csv,GZIP,HUFFMAN,0.2017637352783862
data_30.csv,GZIP,RLE,0.2303263481940155
data_30.csv,GZIP,DICTIONARY,0.2017496391790118
data_30.csv,LZ4,PLAIN,0.2044811499911116
data_30.csv,LZ4,HUFFMAN,0.2041655539884521
data_30.csv,LZ4,RLE,0.2243339397266453
data_30.csv,LZ4,DICTIONARY,0.203622071045907
data_30.csv,SNAPPY,PLAIN,0.2168755369243407
data_30.csv,SNAPPY,HUFFMAN,0.2087021486371029
data_30.csv,SNAPPY,RLE,0.3941026618917435
data_30.csv,SNAPPY,DICTIONARY,0.2068469453361097
data_13.csv,NONE,PLAIN,0.777041625330032
data_13.csv,NONE,HUFFMAN,0.393815635031814
data_13.csv,NONE,RLE,1.629736991676054
data_13.csv,NONE,DICTIONARY,0.5290224395318531
data_13.csv,GZIP,PLAIN,0.2088160347877918
data_13.csv,GZIP,HUFFMAN,0.2234576807744751
data_13.csv,GZIP,RLE,0.245710556139894
data_13.csv,GZIP,DICTIONARY,0.2328480575748158
data_13.csv,LZ4,PLAIN,0.3013534773014822
data_13.csv,LZ4,HUFFMAN,0.2869585289726645
data_13.csv,LZ4,RLE,0.3747667182771855
data_13.csv,LZ4,DICTIONARY,0.2872453577753782
data_13.csv,SNAPPY,PLAIN,0.2869040874970952
data_13.csv,SNAPPY,HUFFMAN,0.2985284313606542
data_13.csv,SNAPPY,RLE,0.3313255317143371
data_13.csv,SNAPPY,DICTIONARY,0.2795747094147354
data_122.csv,NONE,PLAIN,0.9893295213623892
data_122.csv,NONE,HUFFMAN,0.6949569983847274
data_122.csv,NONE,RLE,1.017479277335743
data_122.csv,NONE,DICTIONARY,0.9916471824369656
data_122.csv,GZIP,PLAIN,0.0928681026378472
data_122.csv,GZIP,HUFFMAN,0.1787876938021983
data_122.csv,GZIP,RLE,0.3071654354888983
data_122.csv,GZIP,DICTIONARY,0.0978939086083104
data_122.csv,LZ4,PLAIN,0.1317344668827914
data_122.csv,LZ4,HUFFMAN,0.2195281921052132
data_122.csv,LZ4,RLE,0.3591915134418017
data_122.csv,LZ4,DICTIONARY,0.1357372423098767
data_122.csv,SNAPPY,PLAIN,0.1726073525282231
data_122.csv,SNAPPY,HUFFMAN,0.270965499417275
data_122.csv,SNAPPY,RLE,0.4191746590621416
data_122.csv,SNAPPY,DICTIONARY,0.1767011221886628
data_83.csv,NONE,PLAIN,0.988973022672158
data_83.csv,NONE,HUFFMAN,0.6948762700878378
data_83.csv,NONE,RLE,1.0195200508698508
data_83.csv,NONE,DICTIONARY,0.981495693744586
data_83.csv,GZIP,PLAIN,0.0930726132866125
data_83.csv,GZIP,HUFFMAN,0.1797350838177765
data_83.csv,GZIP,RLE,0.3021221783431163
data_83.csv,GZIP,DICTIONARY,0.0979609181660704
data_83.csv,LZ4,PLAIN,0.1329727780684557
data_83.csv,LZ4,HUFFMAN,0.22119224524247
data_83.csv,LZ4,RLE,0.3513208117465741
data_83.csv,LZ4,DICTIONARY,0.1366190980009316
data_83.csv,SNAPPY,PLAIN,0.1745687955149233
data_83.csv,SNAPPY,HUFFMAN,0.2761806470708706
data_83.csv,SNAPPY,RLE,0.4139940877789573
data_83.csv,SNAPPY,DICTIONARY,0.1777343811248923
data_125.csv,NONE,PLAIN,0.9893745755248256
data_125.csv,NONE,HUFFMAN,0.6951697950891769
data_125.csv,NONE,RLE,1.0186123930541051
data_125.csv,NONE,DICTIONARY,0.9905700003667146
data_125.csv,GZIP,PLAIN,0.0920093583692169
data_125.csv,GZIP,HUFFMAN,0.1748783390152453
data_125.csv,GZIP,RLE,0.2999805363683213
data_125.csv,GZIP,DICTIONARY,0.0970566453686743
data_125.csv,LZ4,PLAIN,0.1276323808928787
data_125.csv,LZ4,HUFFMAN,0.2071533334392337
data_125.csv,LZ4,RLE,0.3314319286350827
data_125.csv,LZ4,DICTIONARY,0.1316301612357563
data_125.csv,SNAPPY,PLAIN,0.1689542732799
data_125.csv,SNAPPY,HUFFMAN,0.2641242868625151
data_125.csv,SNAPPY,RLE,0.4053451880392912
data_125.csv,SNAPPY,DICTIONARY,0.1727132166739783
data_22.csv,NONE,PLAIN,0.7440480736221015
data_22.csv,NONE,HUFFMAN,0.3898202199555921
data_22.csv,NONE,RLE,1.919927970931432
data_22.csv,NONE,DICTIONARY,0.1004806220251074
data_22.csv,GZIP,PLAIN,0.0985453582575417
data_22.csv,GZIP,HUFFMAN,0.0962271813381048
data_22.csv,GZIP,RLE,0.1106015911772241
data_22.csv,GZIP,DICTIONARY,0.0938893769970901
data_22.csv,LZ4,PLAIN,0.1017246436909259
data_22.csv,LZ4,HUFFMAN,0.0999881521746112
data_22.csv,LZ4,RLE,0.1101797800444079
data_22.csv,LZ4,DICTIONARY,0.0952918454843726
data_22.csv,SNAPPY,PLAIN,0.1280553650307865
data_22.csv,SNAPPY,HUFFMAN,0.1116628993912644
data_22.csv,SNAPPY,RLE,0.1866831870079316
data_22.csv,SNAPPY,DICTIONARY,0.0968598980373292
data_25.csv,NONE,PLAIN,0.6045369760354627
data_25.csv,NONE,HUFFMAN,0.3133365586195775
data_25.csv,NONE,RLE,2.9604687782934933
data_25.csv,NONE,DICTIONARY,0.1511811647686462
data_25.csv,GZIP,PLAIN,0.1441917603293094
data_25.csv,GZIP,HUFFMAN,0.1427530404927532
data_25.csv,GZIP,RLE,0.1634080818187972
data_25.csv,GZIP,DICTIONARY,0.1420694559338387
data_25.csv,LZ4,PLAIN,0.1461412422195473
data_25.csv,LZ4,HUFFMAN,0.1444939245183948
data_25.csv,LZ4,RLE,0.159812383007695
data_25.csv,LZ4,DICTIONARY,0.143520284353564
data_25.csv,SNAPPY,PLAIN,0.1671969675704623
data_25.csv,SNAPPY,HUFFMAN,0.1531570653857987
data_25.csv,SNAPPY,RLE,0.281918087636421
data_25.csv,SNAPPY,DICTIONARY,0.1458286206177248
data_111.csv,NONE,PLAIN,0.9890691258159432
data_111.csv,NONE,HUFFMAN,0.6955308354077461
data_111.csv,NONE,RLE,1.0188499917143354
data_111.csv,NONE,DICTIONARY,0.9770399590781068
data_111.csv,GZIP,PLAIN,0.0961428358668288
data_111.csv,GZIP,HUFFMAN,0.1834961848485311
data_111.csv,GZIP,RLE,0.3083607898980219
data_111.csv,GZIP,DICTIONARY,0.1007146947534213
data_111.csv,LZ4,PLAIN,0.137175424449273
data_111.csv,LZ4,HUFFMAN,0.2256277851744439
data_111.csv,LZ4,RLE,0.3587809015582143
data_111.csv,LZ4,DICTIONARY,0.1407350837811038
data_111.csv,SNAPPY,PLAIN,0.1782783437900517
data_111.csv,SNAPPY,HUFFMAN,0.2789507861492456
data_111.csv,SNAPPY,RLE,0.4199338405418615
data_111.csv,SNAPPY,DICTIONARY,0.1811233683009353
data_102.csv,NONE,PLAIN,0.9887846269602466
data_102.csv,NONE,HUFFMAN,0.6954617510448662
data_102.csv,NONE,RLE,1.0192777893582128
data_102.csv,NONE,DICTIONARY,0.9837870718846884
data_102.csv,GZIP,PLAIN,0.0903077318016857
data_102.csv,GZIP,HUFFMAN,0.1737490869716195
data_102.csv,GZIP,RLE,0.2962294157766905
data_102.csv,GZIP,DICTIONARY,0.0953748713085123
data_102.csv,LZ4,PLAIN,0.1289786227341073
data_102.csv,LZ4,HUFFMAN,0.2124884932154263
data_102.csv,LZ4,RLE,0.3423407701719707
data_102.csv,LZ4,DICTIONARY,0.1328104705813641
data_102.csv,SNAPPY,PLAIN,0.1697173137061657
data_102.csv,SNAPPY,HUFFMAN,0.2677914072574546
data_102.csv,SNAPPY,RLE,0.4059074005333625
data_102.csv,SNAPPY,DICTIONARY,0.1733564756041505
data_50.csv,NONE,PLAIN,0.989547031717455
data_50.csv,NONE,HUFFMAN,0.697840835147498
data_50.csv,NONE,RLE,1.0170799650636424
data_50.csv,NONE,DICTIONARY,0.9850162911203691
data_50.csv,GZIP,PLAIN,0.0910848304682381
data_50.csv,GZIP,HUFFMAN,0.1807777714349804
data_50.csv,GZIP,RLE,0.3115118781718418
data_50.csv,GZIP,DICTIONARY,0.0956349443827698
data_50.csv,LZ4,PLAIN,0.1275497829584826
data_50.csv,LZ4,HUFFMAN,0.2138587744945274
data_50.csv,LZ4,RLE,0.3456617767148706
data_50.csv,LZ4,DICTIONARY,0.1311013087107091
data_50.csv,SNAPPY,PLAIN,0.1708509295656887
data_50.csv,SNAPPY,HUFFMAN,0.2713495826602255
data_50.csv,SNAPPY,RLE,0.4204980563733644
data_50.csv,SNAPPY,DICTIONARY,0.1740877107689028
data_43.csv,NONE,PLAIN,0.9888800620253946
data_43.csv,NONE,HUFFMAN,0.6945074026379277
data_43.csv,NONE,RLE,1.0203916463620908
data_43.csv,NONE,DICTIONARY,0.9888768889139588
data_43.csv,GZIP,PLAIN,0.0916884720522665
data_43.csv,GZIP,HUFFMAN,0.1686995169138084
data_43.csv,GZIP,RLE,0.294363632963674
data_43.csv,GZIP,DICTIONARY,0.0968948701662923
data_43.csv,LZ4,PLAIN,0.1278646842339768
data_43.csv,LZ4,HUFFMAN,0.2025072016536654
data_43.csv,LZ4,RLE,0.328838964995128
data_43.csv,LZ4,DICTIONARY,0.1319971843719148
data_43.csv,SNAPPY,PLAIN,0.1677258029997486
data_43.csv,SNAPPY,HUFFMAN,0.2546054092677589
data_43.csv,SNAPPY,RLE,0.3990622007782872
data_43.csv,SNAPPY,DICTIONARY,0.1715078745689382
data_63.csv,NONE,PLAIN,0.9883814284103916
data_63.csv,NONE,HUFFMAN,0.6928628946656218
data_63.csv,NONE,RLE,1.022236308119454
data_63.csv,NONE,DICTIONARY,0.9836877171381312
data_63.csv,GZIP,PLAIN,0.1053195700940476
data_63.csv,GZIP,HUFFMAN,0.1893329557833715
data_63.csv,GZIP,RLE,0.3268096991232269
data_63.csv,GZIP,DICTIONARY,0.1105236397063545
data_63.csv,LZ4,PLAIN,0.1528412722144209
data_63.csv,LZ4,HUFFMAN,0.2379881639355334
data_63.csv,LZ4,RLE,0.3857960567485496
data_63.csv,LZ4,DICTIONARY,0.1569195411119089
data_63.csv,SNAPPY,PLAIN,0.1922169322596413
data_63.csv,SNAPPY,HUFFMAN,0.2910918132909741
data_63.csv,SNAPPY,RLE,0.4444484855960514
data_63.csv,SNAPPY,DICTIONARY,0.1958216254001493
data_104.csv,NONE,PLAIN,0.9888504732424112
data_104.csv,NONE,HUFFMAN,0.6961591905064505
data_104.csv,NONE,RLE,1.0194756565153609
data_104.csv,NONE,DICTIONARY,0.9812576817514644
data_104.csv,GZIP,PLAIN,0.0950890151208232
data_104.csv,GZIP,HUFFMAN,0.1829464701576028
data_104.csv,GZIP,RLE,0.3105076778541702
data_104.csv,GZIP,DICTIONARY,0.1000757030117734
data_104.csv,LZ4,PLAIN,0.1353625429310818
data_104.csv,LZ4,HUFFMAN,0.2249161681262469
data_104.csv,LZ4,RLE,0.363261203919427
data_104.csv,LZ4,DICTIONARY,0.1391435343521671
data_104.csv,SNAPPY,PLAIN,0.1767265120561328
data_104.csv,SNAPPY,HUFFMAN,0.277362932475637
data_104.csv,SNAPPY,RLE,0.4239150534077169
data_104.csv,SNAPPY,DICTIONARY,0.1799628989927975
data_121.csv,NONE,PLAIN,0.9892055430991692
data_121.csv,NONE,HUFFMAN,0.6952040548135796
data_121.csv,NONE,RLE,1.0179101075029675
data_121.csv,NONE,DICTIONARY,0.9800714481407632
data_121.csv,GZIP,PLAIN,0.0910615552027223
data_121.csv,GZIP,HUFFMAN,0.1778551367251244
data_121.csv,GZIP,RLE,0.2995584638151823
data_121.csv,GZIP,DICTIONARY,0.0958304945378354
data_121.csv,LZ4,PLAIN,0.1293224625495349
data_121.csv,LZ4,HUFFMAN,0.2175735657527869
data_121.csv,LZ4,RLE,0.3488519371600632
data_121.csv,LZ4,DICTIONARY,0.1329479803049337
data_121.csv,SNAPPY,PLAIN,0.1707408198184538
data_121.csv,SNAPPY,HUFFMAN,0.2725775674319391
data_121.csv,SNAPPY,RLE,0.4114193851035582
data_121.csv,SNAPPY,DICTIONARY,0.1737630922956384
data_9.csv,NONE,PLAIN,0.7768217256842382
data_9.csv,NONE,HUFFMAN,0.3923790414138925
data_9.csv,NONE,RLE,1.631824979030014
data_9.csv,NONE,DICTIONARY,0.223630223068324
data_9.csv,GZIP,PLAIN,0.1042497199070187
data_9.csv,GZIP,HUFFMAN,0.1588162244307112
data_9.csv,GZIP,RLE,0.120859381643156
data_9.csv,GZIP,DICTIONARY,0.1275769410825153
data_9.csv,LZ4,PLAIN,0.1371251760996044
data_9.csv,LZ4,HUFFMAN,0.2003565754182862
data_9.csv,LZ4,RLE,0.1469531147554259
data_9.csv,LZ4,DICTIONARY,0.1437436868116619
data_9.csv,SNAPPY,PLAIN,0.1529303005319041
data_9.csv,SNAPPY,HUFFMAN,0.2062882859929214
data_9.csv,SNAPPY,RLE,0.1860614768663599
data_9.csv,SNAPPY,DICTIONARY,0.1473072606766274
data_14.csv,NONE,PLAIN,0.6114982766806284
data_14.csv,NONE,HUFFMAN,0.309585375956153
data_14.csv,NONE,RLE,2.9084748163937584
data_14.csv,NONE,DICTIONARY,0.1480902896063348
data_14.csv,GZIP,PLAIN,0.14158417768953
data_14.csv,GZIP,HUFFMAN,0.1399262871362617
data_14.csv,GZIP,RLE,0.1598015073501977
data_14.csv,GZIP,DICTIONARY,0.1392952505166713
data_14.csv,LZ4,PLAIN,0.142788933120933
data_14.csv,LZ4,HUFFMAN,0.1415165859350751
data_14.csv,LZ4,RLE,0.1556848991368803
data_14.csv,LZ4,DICTIONARY,0.1406016639467744
data_14.csv,SNAPPY,PLAIN,0.164939021422801
data_14.csv,SNAPPY,HUFFMAN,0.1503624540240886
data_14.csv,SNAPPY,RLE,0.2763502399236916
data_14.csv,SNAPPY,DICTIONARY,0.1427797406423271
data_65.csv,NONE,PLAIN,0.988853207485127
data_65.csv,NONE,HUFFMAN,0.6939141200493633
data_65.csv,NONE,RLE,1.0192393936072452
data_65.csv,NONE,DICTIONARY,0.9880856073958738
data_65.csv,GZIP,PLAIN,0.0918265805484956
data_65.csv,GZIP,HUFFMAN,0.1713372150775141
data_65.csv,GZIP,RLE,0.2981890705540054
data_65.csv,GZIP,DICTIONARY,0.0970269878147958
data_65.csv,LZ4,PLAIN,0.1268417325381454
data_65.csv,LZ4,HUFFMAN,0.2036568212579014
data_65.csv,LZ4,RLE,0.3304129828549842
data_65.csv,LZ4,DICTIONARY,0.1308767174130687
data_65.csv,SNAPPY,PLAIN,0.1667701795729747
data_65.csv,SNAPPY,HUFFMAN,0.2541735253906537
data_65.csv,SNAPPY,RLE,0.3994941160956065
data_65.csv,SNAPPY,DICTIONARY,0.1705564949261753
data_69.csv,NONE,PLAIN,0.9896790929326592
data_69.csv,NONE,HUFFMAN,0.6968751612677566
data_69.csv,NONE,RLE,1.0168354076906228
data_69.csv,NONE,DICTIONARY,0.9858702208837874
data_69.csv,GZIP,PLAIN,0.0884055507071698
data_69.csv,GZIP,HUFFMAN,0.1731413926882776
data_69.csv,GZIP,RLE,0.2893509954736082
data_69.csv,GZIP,DICTIONARY,0.0931414614958537
data_69.csv,LZ4,PLAIN,0.1232870067213534
data_69.csv,LZ4,HUFFMAN,0.2043857662354343
data_69.csv,LZ4,RLE,0.3182444148317024
data_69.csv,LZ4,DICTIONARY,0.1269628507896242
data_69.csv,SNAPPY,PLAIN,0.1651803847949018
data_69.csv,SNAPPY,HUFFMAN,0.2635823861779341
data_69.csv,SNAPPY,RLE,0.3965001599776146
data_69.csv,SNAPPY,DICTIONARY,0.1684790486664518
data_51.csv,NONE,PLAIN,0.98971204613637
data_51.csv,NONE,HUFFMAN,0.6980071614455677
data_51.csv,NONE,RLE,1.0171116611902349
data_51.csv,NONE,DICTIONARY,0.986052462502223
data_51.csv,GZIP,PLAIN,0.0905831912799507
data_51.csv,GZIP,HUFFMAN,0.1811326258856696
data_51.csv,GZIP,RLE,0.3134172861726202
data_51.csv,GZIP,DICTIONARY,0.095178072030283
data_51.csv,LZ4,PLAIN,0.1270534047736224
data_51.csv,LZ4,HUFFMAN,0.2146530033979051
data_51.csv,LZ4,RLE,0.3490844566836128
data_51.csv,LZ4,DICTIONARY,0.1306970104391872
data_51.csv,SNAPPY,PLAIN,0.170449453110436
data_51.csv,SNAPPY,HUFFMAN,0.2761833600804718
data_51.csv,SNAPPY,RLE,0.4241731344092442
data_51.csv,SNAPPY,DICTIONARY,0.1737109023539177
data_79.csv,NONE,PLAIN,0.990312598072166
data_79.csv,NONE,HUFFMAN,0.6994600727616811
data_79.csv,NONE,RLE,1.0144335432892486
data_79.csv,NONE,DICTIONARY,0.983895723143468
data_79.csv,GZIP,PLAIN,0.0926034014725829
data_79.csv,GZIP,HUFFMAN,0.1868825437329966
data_79.csv,GZIP,RLE,0.3029193584424242
data_79.csv,GZIP,DICTIONARY,0.0966198419369336
data_79.csv,LZ4,PLAIN,0.1304795875241175
data_79.csv,LZ4,HUFFMAN,0.2231546599156703
data_79.csv,LZ4,RLE,0.3449481001590266
data_79.csv,LZ4,DICTIONARY,0.1337750694278195
data_79.csv,SNAPPY,PLAIN,0.175233204530479
data_79.csv,SNAPPY,HUFFMAN,0.2816519876161962
data_79.csv,SNAPPY,RLE,0.4179957070526972
data_79.csv,SNAPPY,DICTIONARY,0.1779587835377204
data_108.csv,NONE,PLAIN,0.9890862157680144
data_108.csv,NONE,HUFFMAN,0.6946047053457269
data_108.csv,NONE,RLE,1.0192745566861925
data_108.csv,NONE,DICTIONARY,0.985110198477859
data_108.csv,GZIP,PLAIN,0.0960694902685519
data_108.csv,GZIP,HUFFMAN,0.1842526941908658
data_108.csv,GZIP,RLE,0.3101121116065707
data_108.csv,GZIP,DICTIONARY,0.1010367723714932
data_108.csv,LZ4,PLAIN,0.1374118772162294
data_108.csv,LZ4,HUFFMAN,0.2251548879570698
data_108.csv,LZ4,RLE,0.3611447256588521
data_108.csv,LZ4,DICTIONARY,0.141297181263323
data_108.csv,SNAPPY,PLAIN,0.1784419147709083
data_108.csv,SNAPPY,HUFFMAN,0.2806501709438992
data_108.csv,SNAPPY,RLE,0.4219684230370582
data_108.csv,SNAPPY,DICTIONARY,0.1819120208329528
data_130.csv,NONE,PLAIN,0.989246087640607
data_130.csv,NONE,HUFFMAN,0.6956400898108044
data_130.csv,NONE,RLE,1.0179297927964115
data_130.csv,NONE,DICTIONARY,0.9899820185836518
data_130.csv,GZIP,PLAIN,0.0903084341838402
data_130.csv,GZIP,HUFFMAN,0.1725121183925324
data_130.csv,GZIP,RLE,0.2972468167494445
data_130.csv,GZIP,DICTIONARY,0.0952879805663906
data_130.csv,LZ4,PLAIN,0.125355214631414
data_130.csv,LZ4,HUFFMAN,0.2058329061395819
data_130.csv,LZ4,RLE,0.3308570566885074
data_130.csv,LZ4,DICTIONARY,0.1293480364769418
data_130.csv,SNAPPY,PLAIN,0.1671220938937902
data_130.csv,SNAPPY,HUFFMAN,0.2616981242517464
data_130.csv,SNAPPY,RLE,0.4034455885696242
data_130.csv,SNAPPY,DICTIONARY,0.1709154799008662
data_46.csv,NONE,PLAIN,0.9888737072751198
data_46.csv,NONE,HUFFMAN,0.6946108985482582
data_46.csv,NONE,RLE,1.019219517828435
data_46.csv,NONE,DICTIONARY,0.9829309260210362
data_46.csv,GZIP,PLAIN,0.0909566543991393
data_46.csv,GZIP,HUFFMAN,0.170113750672384
data_46.csv,GZIP,RLE,0.2968135224416735
data_46.csv,GZIP,DICTIONARY,0.0959166456467499
data_46.csv,LZ4,PLAIN,0.1265900326087287
data_46.csv,LZ4,HUFFMAN,0.2048010198964908
data_46.csv,LZ4,RLE,0.3317079315490209
data_46.csv,LZ4,DICTIONARY,0.1304310855698018
data_46.csv,SNAPPY,PLAIN,0.1671389411432201
data_46.csv,SNAPPY,HUFFMAN,0.2616151805332272
data_46.csv,SNAPPY,RLE,0.4035665379133453
data_46.csv,SNAPPY,DICTIONARY,0.170349335821281
data_84.csv,NONE,PLAIN,0.9891334924486618
data_84.csv,NONE,HUFFMAN,0.6949764013462214
data_84.csv,NONE,RLE,1.0189509818130154
data_84.csv,NONE,DICTIONARY,0.9860408443742228
data_84.csv,GZIP,PLAIN,0.0931372762251321
data_84.csv,GZIP,HUFFMAN,0.1796883130332241
data_84.csv,GZIP,RLE,0.3012337922846275
data_84.csv,GZIP,DICTIONARY,0.098140532220464
data_84.csv,LZ4,PLAIN,0.1327983503156982
data_84.csv,LZ4,HUFFMAN,0.2204847780605763
data_84.csv,LZ4,RLE,0.3493374446243047
data_84.csv,LZ4,DICTIONARY,0.1366492056598369
data_84.csv,SNAPPY,PLAIN,0.1745191298238102
data_84.csv,SNAPPY,HUFFMAN,0.2734444488677035
data_84.csv,SNAPPY,RLE,0.4125115539310095
data_84.csv,SNAPPY,DICTIONARY,0.1781471789088661
data_66.csv,NONE,PLAIN,0.989189748890287
data_66.csv,NONE,HUFFMAN,0.6954318226872829
data_66.csv,NONE,RLE,1.0180787210557367
data_66.csv,NONE,DICTIONARY,0.9881641010425262
data_66.csv,GZIP,PLAIN,0.0908936902643273
data_66.csv,GZIP,HUFFMAN,0.1736264128492117
data_66.csv,GZIP,RLE,0.2969527568903402
data_66.csv,GZIP,DICTIONARY,0.0958402585844111
data_66.csv,LZ4,PLAIN,0.1261905859187043
data_66.csv,LZ4,HUFFMAN,0.2065251217207033
data_66.csv,LZ4,RLE,0.3277731183816167
data_66.csv,LZ4,DICTIONARY,0.1301276898906518
data_66.csv,SNAPPY,PLAIN,0.1676047553476518
data_66.csv,SNAPPY,HUFFMAN,0.2650049845178843
data_66.csv,SNAPPY,RLE,0.4017206653134687
data_66.csv,SNAPPY,DICTIONARY,0.1713356310537424
data_129.csv,NONE,PLAIN,0.9899288638950594
data_129.csv,NONE,HUFFMAN,0.6970519238432619
data_129.csv,NONE,RLE,1.0157726045389484
data_129.csv,NONE,DICTIONARY,0.990153082552916
data_129.csv,GZIP,PLAIN,0.0867054554895117
data_129.csv,GZIP,HUFFMAN,0.1734503837357726
data_129.csv,GZIP,RLE,0.2900285088775318
data_129.csv,GZIP,DICTIONARY,0.0914854835028861
data_129.csv,LZ4,PLAIN,0.1222377479871057
data_129.csv,LZ4,HUFFMAN,0.2036773311503279
data_129.csv,LZ4,RLE,0.3227567002841117
data_129.csv,LZ4,DICTIONARY,0.1259486896035765
data_129.csv,SNAPPY,PLAIN,0.1646913120155322
data_129.csv,SNAPPY,HUFFMAN,0.2642821380890468
data_129.csv,SNAPPY,RLE,0.4014751477262338
data_129.csv,SNAPPY,DICTIONARY,0.168210417150829
data_33.csv,NONE,PLAIN,0.7747886154417468
data_33.csv,NONE,HUFFMAN,0.4273909397686355
data_33.csv,NONE,RLE,1.6903708297635238
data_33.csv,NONE,DICTIONARY,0.1289595823739225
data_33.csv,GZIP,PLAIN,0.1109287850897738
data_33.csv,GZIP,HUFFMAN,0.112243920170735
data_33.csv,GZIP,RLE,0.1244844786727252
data_33.csv,GZIP,DICTIONARY,0.1002949157430717
data_33.csv,LZ4,PLAIN,0.14038297261371
data_33.csv,LZ4,HUFFMAN,0.1400194725447486
data_33.csv,LZ4,RLE,0.1539097621289479
data_33.csv,LZ4,DICTIONARY,0.1096397265046845
data_33.csv,SNAPPY,PLAIN,0.1460082697051125
data_33.csv,SNAPPY,HUFFMAN,0.1397244625492822
data_33.csv,SNAPPY,RLE,0.194241304352607
data_33.csv,SNAPPY,DICTIONARY,0.1102784435662215
data_4.csv,NONE,PLAIN,0.4363356667043017
data_4.csv,NONE,HUFFMAN,0.2561376437971221
data_4.csv,NONE,RLE,4.105394509051221
data_4.csv,NONE,DICTIONARY,0.2158924830328804
data_4.csv,GZIP,PLAIN,0.2032800484237201
data_4.csv,GZIP,HUFFMAN,0.2026175153362688
data_4.csv,GZIP,RLE,0.2316827242733306
data_4.csv,GZIP,DICTIONARY,0.2028252919849962
data_4.csv,LZ4,PLAIN,0.2064382534843752
data_4.csv,LZ4,HUFFMAN,0.2053382133403585
data_4.csv,LZ4,RLE,0.2270645942318066
data_4.csv,LZ4,DICTIONARY,0.2049273644198562
data_4.csv,SNAPPY,PLAIN,0.2180596326822475
data_4.csv,SNAPPY,HUFFMAN,0.2094263169119215
data_4.csv,SNAPPY,RLE,0.3961783209765032
data_4.csv,SNAPPY,DICTIONARY,0.2081820092080338
data_12.csv,NONE,PLAIN,0.7682618116162042
data_12.csv,NONE,HUFFMAN,0.425311952641982
data_12.csv,NONE,RLE,1.7397517441896184
data_12.csv,NONE,DICTIONARY,0.1484849631244185
data_12.csv,GZIP,PLAIN,0.1406917651486712
data_12.csv,GZIP,HUFFMAN,0.1416003572286583
data_12.csv,GZIP,RLE,0.1587362098517895
data_12.csv,GZIP,DICTIONARY,0.1140777774221011
data_12.csv,LZ4,PLAIN,0.1989357508996193
data_12.csv,LZ4,HUFFMAN,0.198816114220048
data_12.csv,LZ4,RLE,0.2541723292000477
data_12.csv,LZ4,DICTIONARY,0.1261746624386417
data_12.csv,SNAPPY,PLAIN,0.1963538620175206
data_12.csv,SNAPPY,HUFFMAN,0.1887106949048031
data_12.csv,SNAPPY,RLE,0.243543095233707
data_12.csv,SNAPPY,DICTIONARY,0.1279042208143895
data_116.csv,NONE,PLAIN,0.9888949307313042
data_116.csv,NONE,HUFFMAN,0.6944963270255565
data_116.csv,NONE,RLE,1.0202061808129026
data_116.csv,NONE,DICTIONARY,0.9836206517366104
data_116.csv,GZIP,PLAIN,0.0918521638357038
data_116.csv,GZIP,HUFFMAN,0.1768717258383609
data_116.csv,GZIP,RLE,0.2980978295421313
data_116.csv,GZIP,DICTIONARY,0.0969015264926441
data_116.csv,LZ4,PLAIN,0.1312388655918338
data_116.csv,LZ4,HUFFMAN,0.2169972993613337
data_116.csv,LZ4,RLE,0.3460745467771532
data_116.csv,LZ4,DICTIONARY,0.1350580326129298
data_116.csv,SNAPPY,PLAIN,0.1719699246034442
data_116.csv,SNAPPY,HUFFMAN,0.2696174104348405
data_116.csv,SNAPPY,RLE,0.4093533926016578
data_116.csv,SNAPPY,DICTIONARY,0.1753638373099884
data_72.csv,NONE,PLAIN,0.9895433409008012
data_72.csv,NONE,HUFFMAN,0.6967561966656048
data_72.csv,NONE,RLE,1.016710441959288
data_72.csv,NONE,DICTIONARY,0.9862663200724872
data_72.csv,GZIP,PLAIN,0.0908826381958203
data_72.csv,GZIP,HUFFMAN,0.1781967873515321
data_72.csv,GZIP,RLE,0.298815847907486
data_72.csv,GZIP,DICTIONARY,0.0955616998359464
data_72.csv,LZ4,PLAIN,0.1272925507464513
data_72.csv,LZ4,HUFFMAN,0.2122000618730765
data_72.csv,LZ4,RLE,0.3326954796945967
data_72.csv,LZ4,DICTIONARY,0.1309744555661939
data_72.csv,SNAPPY,PLAIN,0.170245329994673
data_72.csv,SNAPPY,HUFFMAN,0.2708815816020071
data_72.csv,SNAPPY,RLE,0.4090801741834258
data_72.csv,SNAPPY,DICTIONARY,0.1736253672834143
data_74.csv,NONE,PLAIN,0.9898382700371616
data_74.csv,NONE,HUFFMAN,0.6987505497369781
data_74.csv,NONE,RLE,1.0155224724501288
data_74.csv,NONE,DICTIONARY,0.9845018719988948
data_74.csv,GZIP,PLAIN,0.0908967348907069
data_74.csv,GZIP,HUFFMAN,0.182432281509058
data_74.csv,GZIP,RLE,0.3048855572470873
data_74.csv,GZIP,DICTIONARY,0.0951813579188658
data_74.csv,LZ4,PLAIN,0.1282779291691423
data_74.csv,LZ4,HUFFMAN,0.216312922488083
data_74.csv,LZ4,RLE,0.341224680831864
data_74.csv,LZ4,DICTIONARY,0.1317420076239675
data_74.csv,SNAPPY,PLAIN,0.1716597931011847
data_74.csv,SNAPPY,HUFFMAN,0.2779222255366243
data_74.csv,SNAPPY,RLE,0.4173427177791526
data_74.csv,SNAPPY,DICTIONARY,0.1747756594884748
data_86.csv,NONE,PLAIN,0.9887996920436593
data_86.csv,NONE,HUFFMAN,0.6937442975332031
data_86.csv,NONE,RLE,1.0207229571211511
data_86.csv,NONE,DICTIONARY,0.9780892641558436
data_86.csv,GZIP,PLAIN,0.0982419283298242
data_86.csv,GZIP,HUFFMAN,0.1823955326589796
data_86.csv,GZIP,RLE,0.3124960132855524
data_86.csv,GZIP,DICTIONARY,0.1031216668136944
data_86.csv,LZ4,PLAIN,0.1409819748070492
data_86.csv,LZ4,HUFFMAN,0.2249816626557903
data_86.csv,LZ4,RLE,0.361385593787573
data_86.csv,LZ4,DICTIONARY,0.1446417324024727
data_86.csv,SNAPPY,PLAIN,0.181603618487004
data_86.csv,SNAPPY,HUFFMAN,0.2840006440433088
data_86.csv,SNAPPY,RLE,0.4240635308008777
data_86.csv,SNAPPY,DICTIONARY,0.184564552078366
data_2.csv,NONE,PLAIN,0.5836189460629487
data_2.csv,NONE,HUFFMAN,0.3117100253255521
data_2.csv,NONE,RLE,3.117062583669945
data_2.csv,NONE,DICTIONARY,0.1714064664190132
data_2.csv,GZIP,PLAIN,0.1621635091826859
data_2.csv,GZIP,HUFFMAN,0.1641628948786749
data_2.csv,GZIP,RLE,0.1942151107196049
data_2.csv,GZIP,DICTIONARY,0.1594055159863925
data_2.csv,LZ4,PLAIN,0.2211969655699988
data_2.csv,LZ4,HUFFMAN,0.1984068662961524
data_2.csv,LZ4,RLE,0.2397796619009811
data_2.csv,LZ4,DICTIONARY,0.1631145213354737
data_2.csv,SNAPPY,PLAIN,0.2088083081719819
data_2.csv,SNAPPY,HUFFMAN,0.1896831698086964
data_2.csv,SNAPPY,RLE,0.3242157482048993
data_2.csv,SNAPPY,DICTIONARY,0.1656656215771386
data_136.csv,NONE,PLAIN,0.9903030211886892
data_136.csv,NONE,HUFFMAN,0.6987955035266072
data_136.csv,NONE,RLE,1.0144007685896943
data_136.csv,NONE,DICTIONARY,0.9888252960953956
data_136.csv,GZIP,PLAIN,0.0902304582820835
data_136.csv,GZIP,HUFFMAN,0.1794846793077035
data_136.csv,GZIP,RLE,0.3011662754668833
data_136.csv,GZIP,DICTIONARY,0.0944619145993413
data_136.csv,LZ4,PLAIN,0.12704711425836
data_136.csv,LZ4,HUFFMAN,0.212543488271105
data_136.csv,LZ4,RLE,0.3356891824317686
data_136.csv,LZ4,DICTIONARY,0.1306001205644732
data_136.csv,SNAPPY,PLAIN,0.1711745964080234
data_136.csv,SNAPPY,HUFFMAN,0.2739375272762394
data_136.csv,SNAPPY,RLE,0.4140314689725371
data_136.csv,SNAPPY,DICTIONARY,0.1744879613466183
data_93.csv,NONE,PLAIN,0.9903711186775784
data_93.csv,NONE,HUFFMAN,0.7000407212766446
data_93.csv,NONE,RLE,1.0132480117515068
data_93.csv,NONE,DICTIONARY,0.9858265773275576
data_93.csv,GZIP,PLAIN,0.0886626228779637
data_93.csv,GZIP,HUFFMAN,0.1836604419232002
data_93.csv,GZIP,RLE,0.3078351395825697
data_93.csv,GZIP,DICTIONARY,0.0927042009287775
data_93.csv,LZ4,PLAIN,0.1260810521468055
data_93.csv,LZ4,HUFFMAN,0.2164506446754194
data_93.csv,LZ4,RLE,0.3467451197791223
data_93.csv,LZ4,DICTIONARY,0.1294263813306117
data_93.csv,SNAPPY,PLAIN,0.1705358271726055
data_93.csv,SNAPPY,HUFFMAN,0.2796082021371253
data_93.csv,SNAPPY,RLE,0.424205383108269
data_93.csv,SNAPPY,DICTIONARY,0.1734716530348004
data_133.csv,NONE,PLAIN,0.9896700613929942
data_133.csv,NONE,HUFFMAN,0.6972117294937874
data_133.csv,NONE,RLE,1.0166776660008034
data_133.csv,NONE,DICTIONARY,0.9907289395123264
data_133.csv,GZIP,PLAIN,0.0924494486455823
data_133.csv,GZIP,HUFFMAN,0.1811918955592158
data_133.csv,GZIP,RLE,0.3132295211369308
data_133.csv,GZIP,DICTIONARY,0.0971943914392856
data_133.csv,LZ4,PLAIN,0.129424178074102
data_133.csv,LZ4,HUFFMAN,0.2159115067983311
data_133.csv,LZ4,RLE,0.349284962351143
data_133.csv,LZ4,DICTIONARY,0.1332600869559132
data_133.csv,SNAPPY,PLAIN,0.1728948224199039
data_133.csv,SNAPPY,HUFFMAN,0.2757170549472082
data_133.csv,SNAPPY,RLE,0.4243586240896986
data_133.csv,SNAPPY,DICTIONARY,0.17648102904067
data_38.csv,NONE,PLAIN,0.8705489148939983
data_38.csv,NONE,HUFFMAN,0.4851839572767513
data_38.csv,NONE,RLE,1.0045787709897671
data_38.csv,NONE,DICTIONARY,0.906663859070626
data_38.csv,GZIP,PLAIN,0.2235712621637605
data_38.csv,GZIP,HUFFMAN,0.2212415548108456
data_38.csv,GZIP,RLE,0.275573018404688
data_38.csv,GZIP,DICTIONARY,0.2663213920897475
data_38.csv,LZ4,PLAIN,0.3586629271876848
data_38.csv,LZ4,HUFFMAN,0.2603358362753356
data_38.csv,LZ4,RLE,0.3819689611297288
data_38.csv,LZ4,DICTIONARY,0.3964265873371445
data_38.csv,SNAPPY,PLAIN,0.3249404132542428
data_38.csv,SNAPPY,HUFFMAN,0.2761420046235731
data_38.csv,SNAPPY,RLE,0.3673007652192613
data_38.csv,SNAPPY,DICTIONARY,0.3642766258669199
data_99.csv,NONE,PLAIN,0.9886996789487864
data_99.csv,NONE,HUFFMAN,0.6953859392690217
data_99.csv,NONE,RLE,1.020700701569367
data_99.csv,NONE,DICTIONARY,0.9809235221624136
data_99.csv,GZIP,PLAIN,0.093410984782941
data_99.csv,GZIP,HUFFMAN,0.1792661211971181
data_99.csv,GZIP,RLE,0.3075363444944451
data_99.csv,GZIP,DICTIONARY,0.0984525621801171
data_99.csv,LZ4,PLAIN,0.1330450207292994
data_99.csv,LZ4,HUFFMAN,0.2201224081518983
data_99.csv,LZ4,RLE,0.3562572629127497
data_99.csv,LZ4,DICTIONARY,0.1368901714926454
data_99.csv,SNAPPY,PLAIN,0.173735606416562
data_99.csv,SNAPPY,HUFFMAN,0.2734436399819623
data_99.csv,SNAPPY,RLE,0.4178878108428043
data_99.csv,SNAPPY,DICTIONARY,0.1769960415671352
data_96.csv,NONE,PLAIN,0.989233250853742
data_96.csv,NONE,HUFFMAN,0.6968187762004188
data_96.csv,NONE,RLE,1.0181884283350475
data_96.csv,NONE,DICTIONARY,0.9831999439866548
data_96.csv,GZIP,PLAIN,0.0976013840211366
data_96.csv,GZIP,HUFFMAN,0.1865568209114272
data_96.csv,GZIP,RLE,0.3166228535576028
data_96.csv,GZIP,DICTIONARY,0.102164696746296
data_96.csv,LZ4,PLAIN,0.1367917893553927
data_96.csv,LZ4,HUFFMAN,0.2259689111094153
data_96.csv,LZ4,RLE,0.3628389980509006
data_96.csv,LZ4,DICTIONARY,0.140523865463377
data_96.csv,SNAPPY,PLAIN,0.1785515902290192
data_96.csv,SNAPPY,HUFFMAN,0.2802546339601206
data_96.csv,SNAPPY,RLE,0.4249361665424679
data_96.csv,SNAPPY,DICTIONARY,0.181806520016297
data_135.csv,NONE,PLAIN,0.99001899231998
data_135.csv,NONE,HUFFMAN,0.6979274743969677
data_135.csv,NONE,RLE,1.0160762557999354
data_135.csv,NONE,DICTIONARY,0.9908637555571752
data_135.csv,GZIP,PLAIN,0.091479781997054
data_135.csv,GZIP,HUFFMAN,0.1799433411153895
data_135.csv,GZIP,RLE,0.3095561234951709
data_135.csv,GZIP,DICTIONARY,0.0960461386902039
data_135.csv,LZ4,PLAIN,0.1284766789550236
data_135.csv,LZ4,HUFFMAN,0.2146814268192318
data_135.csv,LZ4,RLE,0.3445195242344116
data_135.csv,LZ4,DICTIONARY,0.1321851570581714
data_135.csv,SNAPPY,PLAIN,0.1718426490591373
data_135.csv,SNAPPY,HUFFMAN,0.2744782997099685
data_135.csv,SNAPPY,RLE,0.4231999829836704
data_135.csv,SNAPPY,DICTIONARY,0.1755018324922272
data_16.csv,NONE,PLAIN,0.7326742117629875
data_16.csv,NONE,HUFFMAN,0.4149406768230111
data_16.csv,NONE,RLE,2.0045126750613127
data_16.csv,NONE,DICTIONARY,0.1330488334710746
data_16.csv,GZIP,PLAIN,0.1214155886449455
data_16.csv,GZIP,HUFFMAN,0.1205768443989695
data_16.csv,GZIP,RLE,0.1384714212150501
data_16.csv,GZIP,DICTIONARY,0.114469400180492
data_16.csv,LZ4,PLAIN,0.1547742097508955
data_16.csv,LZ4,HUFFMAN,0.1522002225224627
data_16.csv,LZ4,RLE,0.165194237666808
data_16.csv,LZ4,DICTIONARY,0.1214707348681371
data_16.csv,SNAPPY,PLAIN,0.1520273316605645
data_16.csv,SNAPPY,HUFFMAN,0.1486324854477314
data_16.csv,SNAPPY,RLE,0.2161094786669816
data_16.csv,SNAPPY,DICTIONARY,0.1227264292745961
data_61.csv,NONE,PLAIN,0.9891628952024976
data_61.csv,NONE,HUFFMAN,0.6956454225880752
data_61.csv,NONE,RLE,1.0188251166301796
data_61.csv,NONE,DICTIONARY,0.9884734247597872
data_61.csv,GZIP,PLAIN,0.0946881120303285
data_61.csv,GZIP,HUFFMAN,0.1818199990777136
data_61.csv,GZIP,RLE,0.3095785728626169
data_61.csv,GZIP,DICTIONARY,0.0996782142093095
data_61.csv,LZ4,PLAIN,0.1346264056227032
data_61.csv,LZ4,HUFFMAN,0.2230695732833315
data_61.csv,LZ4,RLE,0.3599383139413287
data_61.csv,LZ4,DICTIONARY,0.1385869704270745
data_61.csv,SNAPPY,PLAIN,0.1761906704175375
data_61.csv,SNAPPY,HUFFMAN,0.2749061397013749
data_61.csv,SNAPPY,RLE,0.4201042758209748
data_61.csv,SNAPPY,DICTIONARY,0.1798955565994037
data_107.csv,NONE,PLAIN,0.9889876870880988
data_107.csv,NONE,HUFFMAN,0.6946246510869326
data_107.csv,NONE,RLE,1.0190552433505664
data_107.csv,NONE,DICTIONARY,0.9855393904350414
data_107.csv,GZIP,PLAIN,0.0977597512516253
data_107.csv,GZIP,HUFFMAN,0.1858048643282494
data_107.csv,GZIP,RLE,0.3115585753403513
data_107.csv,GZIP,DICTIONARY,0.1025681267931772
data_107.csv,LZ4,PLAIN,0.1388437505558341
data_107.csv,LZ4,HUFFMAN,0.2273286470930669
data_107.csv,LZ4,RLE,0.3611364127621615
data_107.csv,LZ4,DICTIONARY,0.1426426258943464
data_107.csv,SNAPPY,PLAIN,0.1801574393436168
data_107.csv,SNAPPY,HUFFMAN,0.2839908329205716
data_107.csv,SNAPPY,RLE,0.4230297848684704
data_107.csv,SNAPPY,DICTIONARY,0.1836922878417117
data_88.csv,NONE,PLAIN,0.9897063299849695
data_88.csv,NONE,HUFFMAN,0.6980895535467093
data_88.csv,NONE,RLE,1.016227942559018
data_88.csv,NONE,DICTIONARY,0.9884724617221357
data_88.csv,GZIP,PLAIN,0.0898291170002962
data_88.csv,GZIP,HUFFMAN,0.1779765068900713
data_88.csv,GZIP,RLE,0.3035627828269324
data_88.csv,GZIP,DICTIONARY,0.0945586549564907
data_88.csv,LZ4,PLAIN,0.1251294484872496
data_88.csv,LZ4,HUFFMAN,0.2084716099905769
data_88.csv,LZ4,RLE,0.3342962679390961
data_88.csv,LZ4,DICTIONARY,0.1288603583253518
data_88.csv,SNAPPY,PLAIN,0.1671172151428502
data_88.csv,SNAPPY,HUFFMAN,0.2707822857316027
data_88.csv,SNAPPY,RLE,0.4115925349356321
data_88.csv,SNAPPY,DICTIONARY,0.1707149098237067
data_44.csv,NONE,PLAIN,0.9888835625947414
data_44.csv,NONE,HUFFMAN,0.6942606615245124
data_44.csv,NONE,RLE,1.0195659772552557
data_44.csv,NONE,DICTIONARY,0.988732980422517
data_44.csv,GZIP,PLAIN,0.090796532996555
data_44.csv,GZIP,HUFFMAN,0.1691208702099174
data_44.csv,GZIP,RLE,0.2959929424754433
data_44.csv,GZIP,DICTIONARY,0.0959695830115964
data_44.csv,LZ4,PLAIN,0.1263620033874579
data_44.csv,LZ4,HUFFMAN,0.2021967601150003
data_44.csv,LZ4,RLE,0.328709467751839
data_44.csv,LZ4,DICTIONARY,0.1303663477472171
data_44.csv,SNAPPY,PLAIN,0.1663583557220294
data_44.csv,SNAPPY,HUFFMAN,0.2567339056452841
data_44.csv,SNAPPY,RLE,0.3993349480682251
data_44.csv,SNAPPY,DICTIONARY,0.1702347021834689
data_47.csv,NONE,PLAIN,0.989233526100132
data_47.csv,NONE,HUFFMAN,0.6943960622949729
data_47.csv,NONE,RLE,1.0181293035492702
data_47.csv,NONE,DICTIONARY,0.9885247567205796
data_47.csv,GZIP,PLAIN,0.0896520736314936
data_47.csv,GZIP,HUFFMAN,0.1704490001621093
data_47.csv,GZIP,RLE,0.2963447014707897
data_47.csv,GZIP,DICTIONARY,0.0946202385126488
data_47.csv,LZ4,PLAIN,0.1243283683360373
data_47.csv,LZ4,HUFFMAN,0.2032554723141808
data_47.csv,LZ4,RLE,0.3280121751315791
data_47.csv,LZ4,DICTIONARY,0.1282828171590515
data_47.csv,SNAPPY,PLAIN,0.1654459326371277
data_47.csv,SNAPPY,HUFFMAN,0.2593160751453033
data_47.csv,SNAPPY,RLE,0.4012981652044264
data_47.csv,SNAPPY,DICTIONARY,0.1692842169356509
data_20.csv,NONE,PLAIN,0.7165813118835341
data_20.csv,NONE,HUFFMAN,0.3745043788425449
data_20.csv,NONE,RLE,2.124486607565983
data_20.csv,NONE,DICTIONARY,0.110616718585122
data_20.csv,GZIP,PLAIN,0.1075233317115398
data_20.csv,GZIP,HUFFMAN,0.104817358667012
data_20.csv,GZIP,RLE,0.1210081763668876
data_20.csv,GZIP,DICTIONARY,0.1034181668256866
data_20.csv,LZ4,PLAIN,0.1105468182306443
data_20.csv,LZ4,HUFFMAN,0.1087985195341871
data_20.csv,LZ4,RLE,0.1196840188043801
data_20.csv,LZ4,DICTIONARY,0.1048252570121508
data_20.csv,SNAPPY,PLAIN,0.1358298159369649
data_20.csv,SNAPPY,HUFFMAN,0.1194498328710168
data_20.csv,SNAPPY,RLE,0.2051350301084916
data_20.csv,SNAPPY,DICTIONARY,0.1065925117369408
data_103.csv,NONE,PLAIN,0.9888825042734694
data_103.csv,NONE,HUFFMAN,0.6955451787695565
data_103.csv,NONE,RLE,1.0199228405263725
data_103.csv,NONE,DICTIONARY,0.9841703443148684
data_103.csv,GZIP,PLAIN,0.0922503644680903
data_103.csv,GZIP,HUFFMAN,0.1775572930364053
data_103.csv,GZIP,RLE,0.3031243984942179
data_103.csv,GZIP,DICTIONARY,0.0973644383429137
data_103.csv,LZ4,PLAIN,0.13115086334893
data_103.csv,LZ4,HUFFMAN,0.2174039892563319
data_103.csv,LZ4,RLE,0.3515963857710353
data_103.csv,LZ4,DICTIONARY,0.1349920098652101
data_103.csv,SNAPPY,PLAIN,0.1719311749874127
data_103.csv,SNAPPY,HUFFMAN,0.2691850216327512
data_103.csv,SNAPPY,RLE,0.4136753355688955
data_103.csv,SNAPPY,DICTIONARY,0.1755543989485821
data_94.csv,NONE,PLAIN,0.9914921650571288
data_94.csv,NONE,HUFFMAN,0.701273329219549
data_94.csv,NONE,RLE,1.0091763309162984
data_94.csv,NONE,DICTIONARY,0.9904999235560692
data_94.csv,GZIP,PLAIN,0.0847358873627643
data_94.csv,GZIP,HUFFMAN,0.1769500314435435
data_94.csv,GZIP,RLE,0.2869180044836347
data_94.csv,GZIP,DICTIONARY,0.0884071231049836
data_94.csv,LZ4,PLAIN,0.1207046417761758
data_94.csv,LZ4,HUFFMAN,0.2068474250680257
data_94.csv,LZ4,RLE,0.3208586280603979
data_94.csv,LZ4,DICTIONARY,0.1238846707624811
data_94.csv,SNAPPY,PLAIN,0.1657841590012566
data_94.csv,SNAPPY,HUFFMAN,0.2744429860639835
data_94.csv,SNAPPY,RLE,0.402978584112906
data_94.csv,SNAPPY,DICTIONARY,0.1687736020787353
data_23.csv,NONE,PLAIN,0.6680098808536962
data_23.csv,NONE,HUFFMAN,0.3751945818968447
data_23.csv,NONE,RLE,2.480360115785186
data_23.csv,NONE,DICTIONARY,0.1788193184282175
data_23.csv,GZIP,PLAIN,0.1613424313132261
data_23.csv,GZIP,HUFFMAN,0.1616637486124409
data_23.csv,GZIP,RLE,0.1877824529316389
data_23.csv,GZIP,DICTIONARY,0.1501360859669408
data_23.csv,LZ4,PLAIN,0.2182484184947463
data_23.csv,LZ4,HUFFMAN,0.1957876457890559
data_23.csv,LZ4,RLE,0.2560455040774934
data_23.csv,LZ4,DICTIONARY,0.1616230638321087
data_23.csv,SNAPPY,PLAIN,0.1994155261443634
data_23.csv,SNAPPY,HUFFMAN,0.2016319220183719
data_23.csv,SNAPPY,RLE,0.2882720110440686
data_23.csv,SNAPPY,DICTIONARY,0.1631168425281707
data_123.csv,NONE,PLAIN,0.9890913026904667
data_123.csv,NONE,HUFFMAN,0.6933605310882106
data_123.csv,NONE,RLE,1.018583267385742
data_123.csv,NONE,DICTIONARY,0.9914011794639666
data_123.csv,GZIP,PLAIN,0.0999080755372269
data_123.csv,GZIP,HUFFMAN,0.186378069755341
data_123.csv,GZIP,RLE,0.3250494206019126
data_123.csv,GZIP,DICTIONARY,0.1048974213580031
data_123.csv,LZ4,PLAIN,0.1420613183257488
data_123.csv,LZ4,HUFFMAN,0.2302174086833561
data_123.csv,LZ4,RLE,0.3831890729459744
data_123.csv,LZ4,DICTIONARY,0.1461271930378048
data_123.csv,SNAPPY,PLAIN,0.1825134175034524
data_123.csv,SNAPPY,HUFFMAN,0.2838517222175644
data_123.csv,SNAPPY,RLE,0.4402261533024988
data_123.csv,SNAPPY,DICTIONARY,0.1865472488950974
data_67.csv,NONE,PLAIN,0.9893264607973584
data_67.csv,NONE,HUFFMAN,0.6951081348752184
data_67.csv,NONE,RLE,1.0181299915453232
data_67.csv,NONE,DICTIONARY,0.9882061667640974
data_67.csv,GZIP,PLAIN,0.0903524035751659
data_67.csv,GZIP,HUFFMAN,0.1743821204326698
data_67.csv,GZIP,RLE,0.2973742157919658
data_67.csv,GZIP,DICTIONARY,0.0953232145859193
data_67.csv,LZ4,PLAIN,0.1255134349354691
data_67.csv,LZ4,HUFFMAN,0.2079207240747691
data_67.csv,LZ4,RLE,0.3293678607380539
data_67.csv,LZ4,DICTIONARY,0.1294006818983695
data_67.csv,SNAPPY,PLAIN,0.1673749471490589
data_67.csv,SNAPPY,HUFFMAN,0.2650951322835141
data_67.csv,SNAPPY,RLE,0.4045149936605401
data_67.csv,SNAPPY,DICTIONARY,0.1710229480753856
data_100.csv,NONE,PLAIN,0.9889623621619452
data_100.csv,NONE,HUFFMAN,0.6955464905729477
data_100.csv,NONE,RLE,1.0190736011513588
data_100.csv,NONE,DICTIONARY,0.9844773598654328
data_100.csv,GZIP,PLAIN,0.092561523461885
data_100.csv,GZIP,HUFFMAN,0.1780150109453233
data_100.csv,GZIP,RLE,0.3069727573815669
data_100.csv,GZIP,DICTIONARY,0.0976097350951785
data_100.csv,LZ4,PLAIN,0.1323599751507488
data_100.csv,LZ4,HUFFMAN,0.2181534524493235
data_100.csv,LZ4,RLE,0.3575568131516402
data_100.csv,LZ4,DICTIONARY,0.1362363675298073
data_100.csv,SNAPPY,PLAIN,0.1733821540910841
data_100.csv,SNAPPY,HUFFMAN,0.2733738760518747
data_100.csv,SNAPPY,RLE,0.419689838366366
data_100.csv,SNAPPY,DICTIONARY,0.1767963685588872
data_128.csv,NONE,PLAIN,0.9899112701033534
data_128.csv,NONE,HUFFMAN,0.6973945282285372
data_128.csv,NONE,RLE,1.015130149121379
data_128.csv,NONE,DICTIONARY,0.9906901304844912
data_128.csv,GZIP,PLAIN,0.0855712511760421
data_128.csv,GZIP,HUFFMAN,0.170680618424934
data_128.csv,GZIP,RLE,0.2916644458492334
data_128.csv,GZIP,DICTIONARY,0.0902716302892852
data_128.csv,LZ4,PLAIN,0.1206755360145134
data_128.csv,LZ4,HUFFMAN,0.2003185530384447
data_128.csv,LZ4,RLE,0.3229823280095026
data_128.csv,LZ4,DICTIONARY,0.124356307534096
data_128.csv,SNAPPY,PLAIN,0.1632884841154275
data_128.csv,SNAPPY,HUFFMAN,0.2642589271674682
data_128.csv,SNAPPY,RLE,0.4010073544898981
data_128.csv,SNAPPY,DICTIONARY,0.1667395445136866
data_113.csv,NONE,PLAIN,0.9890743602377696
data_113.csv,NONE,HUFFMAN,0.6954093463168912
data_113.csv,NONE,RLE,1.019258272703265
data_113.csv,NONE,DICTIONARY,0.9841566010966448
data_113.csv,GZIP,PLAIN,0.0968247818909367
data_113.csv,GZIP,HUFFMAN,0.1850432452361346
data_113.csv,GZIP,RLE,0.3115346044855933
data_113.csv,GZIP,DICTIONARY,0.1016290279696125
data_113.csv,LZ4,PLAIN,0.1373266506556137
data_113.csv,LZ4,HUFFMAN,0.2271844670681742
data_113.csv,LZ4,RLE,0.3620430262816496
data_113.csv,LZ4,DICTIONARY,0.1410931058863229
data_113.csv,SNAPPY,PLAIN,0.1788226814041809
data_113.csv,SNAPPY,HUFFMAN,0.2820151170113232
data_113.csv,SNAPPY,RLE,0.4242235795046479
data_113.csv,SNAPPY,DICTIONARY,0.1823982978621766
data_92.csv,NONE,PLAIN,0.9905345763298498
data_92.csv,NONE,HUFFMAN,0.6993509853495883
data_92.csv,NONE,RLE,1.0122755972334097
data_92.csv,NONE,DICTIONARY,0.9856560404780488
data_92.csv,GZIP,PLAIN,0.0846701672305256
data_92.csv,GZIP,HUFFMAN,0.1742013887549117
data_92.csv,GZIP,RLE,0.2869162534417473
data_92.csv,GZIP,DICTIONARY,0.0887155204814956
data_92.csv,LZ4,PLAIN,0.1202323283301167
data_92.csv,LZ4,HUFFMAN,0.2024127909777102
data_92.csv,LZ4,RLE,0.3191476790305116
data_92.csv,LZ4,DICTIONARY,0.1234841605929408
data_92.csv,SNAPPY,PLAIN,0.1638787387796156
data_92.csv,SNAPPY,HUFFMAN,0.2694538832170507
data_92.csv,SNAPPY,RLE,0.39947475530478
data_92.csv,SNAPPY,DICTIONARY,0.1668141705928644
data_68.csv,NONE,PLAIN,0.989102507048023
data_68.csv,NONE,HUFFMAN,0.6948407374958878
data_68.csv,NONE,RLE,1.0183677539942373
data_68.csv,NONE,DICTIONARY,0.985300578032616
data_68.csv,GZIP,PLAIN,0.0889233172945457
data_68.csv,GZIP,HUFFMAN,0.1688577466414878
data_68.csv,GZIP,RLE,0.2887847994091111
data_68.csv,GZIP,DICTIONARY,0.0938982785082271
data_68.csv,LZ4,PLAIN,0.1230673713676959
data_68.csv,LZ4,HUFFMAN,0.2005499012901447
data_68.csv,LZ4,RLE,0.3172626730669305
data_68.csv,LZ4,DICTIONARY,0.1268593215667897
data_68.csv,SNAPPY,PLAIN,0.1641209365813159
data_68.csv,SNAPPY,HUFFMAN,0.258066696382688
data_68.csv,SNAPPY,RLE,0.3934216247085739
data_68.csv,SNAPPY,DICTIONARY,0.1675911220824473
data_7.csv,NONE,PLAIN,0.7304591738222012
data_7.csv,NONE,HUFFMAN,0.4096723492717244
data_7.csv,NONE,RLE,2.020962854830991
data_7.csv,NONE,DICTIONARY,0.2347998265992798
data_7.csv,GZIP,PLAIN,0.1488079451789265
data_7.csv,GZIP,HUFFMAN,0.2024671286178054
data_7.csv,GZIP,RLE,0.169074342177922
data_7.csv,GZIP,DICTIONARY,0.1541132709401279
data_7.csv,LZ4,PLAIN,0.1786448147700149
data_7.csv,LZ4,HUFFMAN,0.2618132997150308
data_7.csv,LZ4,RLE,0.204074541273203
data_7.csv,LZ4,DICTIONARY,0.1724724854078185
data_7.csv,SNAPPY,PLAIN,0.1836188159315292
data_7.csv,SNAPPY,HUFFMAN,0.2644406061211656
data_7.csv,SNAPPY,RLE,0.251746215874881
data_7.csv,SNAPPY,DICTIONARY,0.1764134450170207
data_57.csv,NONE,PLAIN,0.9891955852245272
data_57.csv,NONE,HUFFMAN,0.6955734750440828
data_57.csv,NONE,RLE,1.0183307088859812
data_57.csv,NONE,DICTIONARY,0.9868726930870112
data_57.csv,GZIP,PLAIN,0.0952442518512863
data_57.csv,GZIP,HUFFMAN,0.1819209172142703
data_57.csv,GZIP,RLE,0.3105088060965409
data_57.csv,GZIP,DICTIONARY,0.1001088052647191
data_57.csv,LZ4,PLAIN,0.1349880150815237
data_57.csv,LZ4,HUFFMAN,0.2229273859657696
data_57.csv,LZ4,RLE,0.3598506345092273
data_57.csv,LZ4,DICTIONARY,0.1388760690952794
data_57.csv,SNAPPY,PLAIN,0.1763465227099982
data_57.csv,SNAPPY,HUFFMAN,0.278270095812505
data_57.csv,SNAPPY,RLE,0.4202923823985909
data_57.csv,SNAPPY,DICTIONARY,0.1799148006501875
data_109.csv,NONE,PLAIN,0.9889322695482938
data_109.csv,NONE,HUFFMAN,0.694912723681209
data_109.csv,NONE,RLE,1.0194620245485122
data_109.csv,NONE,DICTIONARY,0.9848237426046272
data_109.csv,GZIP,PLAIN,0.0958094202124819
data_109.csv,GZIP,HUFFMAN,0.1819800428070141
data_109.csv,GZIP,RLE,0.3074410554210084
data_109.csv,GZIP,DICTIONARY,0.1007328031799496
data_109.csv,LZ4,PLAIN,0.1356634116510791
data_109.csv,LZ4,HUFFMAN,0.2223724283031047
data_109.csv,LZ4,RLE,0.3545799137064953
data_109.csv,LZ4,DICTIONARY,0.1395423726345727
data_109.csv,SNAPPY,PLAIN,0.1768035852087691
data_109.csv,SNAPPY,HUFFMAN,0.2747967334171354
data_109.csv,SNAPPY,RLE,0.4170306213326474
data_109.csv,SNAPPY,DICTIONARY,0.1802950019656282
data_39.csv,NONE,PLAIN,0.7999890032096881
data_39.csv,NONE,HUFFMAN,0.4156511818113088
data_39.csv,NONE,RLE,1.519508993312577
data_39.csv,NONE,DICTIONARY,0.8602101761548349
data_39.csv,GZIP,PLAIN,0.3112710227702289
data_39.csv,GZIP,HUFFMAN,0.3008790559255517
data_39.csv,GZIP,RLE,0.4087025849330227
data_39.csv,GZIP,DICTIONARY,0.3764888623133123
data_39.csv,LZ4,PLAIN,0.4973642068221338
data_39.csv,LZ4,HUFFMAN,0.3575056530375197
data_39.csv,LZ4,RLE,0.5973044117748132
data_39.csv,LZ4,DICTIONARY,0.5607744489577104
data_39.csv,SNAPPY,PLAIN,0.4463253537873633
data_39.csv,SNAPPY,HUFFMAN,0.4128744922575723
data_39.csv,SNAPPY,RLE,0.566355320040963
data_39.csv,SNAPPY,DICTIONARY,0.5069726523570933
data_1.csv,NONE,PLAIN,0.6601337034278538
data_1.csv,NONE,HUFFMAN,0.4082511330438066
data_1.csv,NONE,RLE,2.545216231792987
data_1.csv,NONE,DICTIONARY,0.1559147773139503
data_1.csv,GZIP,PLAIN,0.1501215614758481
data_1.csv,GZIP,HUFFMAN,0.1501773974203793
data_1.csv,GZIP,RLE,0.1738154025818919
data_1.csv,GZIP,DICTIONARY,0.1407931732513649
data_1.csv,LZ4,PLAIN,0.220158763356857
data_1.csv,LZ4,HUFFMAN,0.1946956799067256
data_1.csv,LZ4,RLE,0.2469079662750895
data_1.csv,LZ4,DICTIONARY,0.1475516884694989
data_1.csv,SNAPPY,PLAIN,0.2037605035455824
data_1.csv,SNAPPY,HUFFMAN,0.1878496252840298
data_1.csv,SNAPPY,RLE,0.2866352408090723
data_1.csv,SNAPPY,DICTIONARY,0.150130078823319
data_82.csv,NONE,PLAIN,0.9889430807808904
data_82.csv,NONE,HUFFMAN,0.6946474734883745
data_82.csv,NONE,RLE,1.0190058061254668
data_82.csv,NONE,DICTIONARY,0.985650598362567
data_82.csv,GZIP,PLAIN,0.0927757612387049
data_82.csv,GZIP,HUFFMAN,0.1781995165930192
data_82.csv,GZIP,RLE,0.3029587580191439
data_82.csv,GZIP,DICTIONARY,0.0977939208979838
data_82.csv,LZ4,PLAIN,0.1322920348326098
data_82.csv,LZ4,HUFFMAN,0.2177818968165575
data_82.csv,LZ4,RLE,0.3502417500232139
data_82.csv,LZ4,DICTIONARY,0.1361576815438305
data_82.csv,SNAPPY,PLAIN,0.1738170853574986
data_82.csv,SNAPPY,HUFFMAN,0.2748272949290241
data_82.csv,SNAPPY,RLE,0.4156190452059169
data_82.csv,SNAPPY,DICTIONARY,0.1773534297887701
data_53.csv,NONE,PLAIN,0.989982107354032
data_53.csv,NONE,HUFFMAN,0.6986492556687772
data_53.csv,NONE,RLE,1.0155184139036926
data_53.csv,NONE,DICTIONARY,0.9837228800223315
data_53.csv,GZIP,PLAIN,0.0892283935760799
data_53.csv,GZIP,HUFFMAN,0.1807227922730208
data_53.csv,GZIP,RLE,0.3107523244837087
data_53.csv,GZIP,DICTIONARY,0.0936145740178844
data_53.csv,LZ4,PLAIN,0.1260863447070613
data_53.csv,LZ4,HUFFMAN,0.2128454933549243
data_53.csv,LZ4,RLE,0.3450469117983655
data_53.csv,LZ4,DICTIONARY,0.1294953816791899
data_53.csv,SNAPPY,PLAIN,0.1694743419590915
data_53.csv,SNAPPY,HUFFMAN,0.2734305954775497
data_53.csv,SNAPPY,RLE,0.42074121040913
data_53.csv,SNAPPY,DICTIONARY,0.1724720103864341
data_18.csv,NONE,PLAIN,0.6943194142070211
data_18.csv,NONE,HUFFMAN,0.3936593879694772
data_18.csv,NONE,RLE,2.2765007921932874
data_18.csv,NONE,DICTIONARY,0.1696681729906584
data_18.csv,GZIP,PLAIN,0.1377083579053055
data_18.csv,GZIP,HUFFMAN,0.1429128612931507
data_18.csv,GZIP,RLE,0.15941415592561
data_18.csv,GZIP,DICTIONARY,0.1296859371959551
data_18.csv,LZ4,PLAIN,0.1695366020549762
data_18.csv,LZ4,HUFFMAN,0.1710583966314434
data_18.csv,LZ4,RLE,0.1883789225915812
data_18.csv,LZ4,DICTIONARY,0.1427468008888915
data_18.csv,SNAPPY,PLAIN,0.1696111163389386
data_18.csv,SNAPPY,HUFFMAN,0.1734811753499936
data_18.csv,SNAPPY,RLE,0.2512281018486781
data_18.csv,SNAPPY,DICTIONARY,0.1416333445885385
data_118.csv,NONE,PLAIN,0.9888093332158766
data_118.csv,NONE,HUFFMAN,0.6948344510875601
data_118.csv,NONE,RLE,1.020850698420845
data_118.csv,NONE,DICTIONARY,0.9807588370249224
data_118.csv,GZIP,PLAIN,0.091584800585241
data_118.csv,GZIP,HUFFMAN,0.1779416214394325
data_118.csv,GZIP,RLE,0.3001091275388852
data_118.csv,GZIP,DICTIONARY,0.0965596252618838
data_118.csv,LZ4,PLAIN,0.1308509512082087
data_118.csv,LZ4,HUFFMAN,0.217712703331048
data_118.csv,LZ4,RLE,0.3494367361321235
data_118.csv,LZ4,DICTIONARY,0.1345893545878991
data_118.csv,SNAPPY,PLAIN,0.1721150718720436
data_118.csv,SNAPPY,HUFFMAN,0.2692867489629973
data_118.csv,SNAPPY,RLE,0.4119220955306428
data_118.csv,SNAPPY,DICTIONARY,0.1750694360926734
data_64.csv,NONE,PLAIN,0.9886625796997308
data_64.csv,NONE,HUFFMAN,0.693760043334951
data_64.csv,NONE,RLE,1.020818534767597
data_64.csv,NONE,DICTIONARY,0.9872020065792516
data_64.csv,GZIP,PLAIN,0.0958353241857882
data_64.csv,GZIP,HUFFMAN,0.1732887357380581
data_64.csv,GZIP,RLE,0.304109463256177
data_64.csv,GZIP,DICTIONARY,0.1010802359169535
data_64.csv,LZ4,PLAIN,0.1334718741616229
data_64.csv,LZ4,HUFFMAN,0.2102110791157889
data_64.csv,LZ4,RLE,0.3434453011256536
data_64.csv,LZ4,DICTIONARY,0.1375750304472286
data_64.csv,SNAPPY,PLAIN,0.1723720685088271
data_64.csv,SNAPPY,HUFFMAN,0.2587369044413324
data_64.csv,SNAPPY,RLE,0.4073122229214688
data_64.csv,SNAPPY,DICTIONARY,0.1763031113804752
data_6.csv,NONE,PLAIN,0.5797688446149428
data_6.csv,NONE,HUFFMAN,0.3019010281565998
data_6.csv,NONE,RLE,3.145911792246744
data_6.csv,NONE,DICTIONARY,0.1730033297090408
data_6.csv,GZIP,PLAIN,0.1592493444982597
data_6.csv,GZIP,HUFFMAN,0.1595072755867932
data_6.csv,GZIP,RLE,0.1855267321300838
data_6.csv,GZIP,DICTIONARY,0.1575994043604976
data_6.csv,LZ4,PLAIN,0.1856706120570209
data_6.csv,LZ4,HUFFMAN,0.1782958884848683
data_6.csv,LZ4,RLE,0.1997316580874848
data_6.csv,LZ4,DICTIONARY,0.1619924211540925
data_6.csv,SNAPPY,PLAIN,0.1879528050444536
data_6.csv,SNAPPY,HUFFMAN,0.1755838103498797
data_6.csv,SNAPPY,RLE,0.3110941366590262
data_6.csv,SNAPPY,DICTIONARY,0.1640482664515876
data_37.csv,NONE,PLAIN,0.8558558110380372
data_37.csv,NONE,HUFFMAN,0.5313062771747241
data_37.csv,NONE,RLE,1.2894126777239396
data_37.csv,NONE,DICTIONARY,0.8739789268409166
data_37.csv,GZIP,PLAIN,0.3118389763897042
data_37.csv,GZIP,HUFFMAN,0.3265095963465231
data_37.csv,GZIP,RLE,0.4350144766036196
data_37.csv,GZIP,DICTIONARY,0.3550349726884694
data_37.csv,LZ4,PLAIN,0.4354025092779607
data_37.csv,LZ4,HUFFMAN,0.4088720188643577
data_37.csv,LZ4,RLE,0.5687812789158964
data_37.csv,LZ4,DICTIONARY,0.4731710229138269
data_37.csv,SNAPPY,PLAIN,0.4303033619548887
data_37.csv,SNAPPY,HUFFMAN,0.4002059558040733
data_37.csv,SNAPPY,RLE,0.5450764623359567
data_37.csv,SNAPPY,DICTIONARY,0.4695394350642244
data_56.csv,NONE,PLAIN,0.9898823743565798
data_56.csv,NONE,HUFFMAN,0.6986370699017713
data_56.csv,NONE,RLE,1.0151084834103834
data_56.csv,NONE,DICTIONARY,0.9818090853386182
data_56.csv,GZIP,PLAIN,0.0914944794913121
data_56.csv,GZIP,HUFFMAN,0.1832947218945306
data_56.csv,GZIP,RLE,0.2991535338913608
data_56.csv,GZIP,DICTIONARY,0.0956487529878208
data_56.csv,LZ4,PLAIN,0.1290321438973992
data_56.csv,LZ4,HUFFMAN,0.2202010466388206
data_56.csv,LZ4,RLE,0.3415161325885188
data_56.csv,LZ4,DICTIONARY,0.1324202265900479
data_56.csv,SNAPPY,PLAIN,0.1730124268155968
data_56.csv,SNAPPY,HUFFMAN,0.2802070181004287
data_56.csv,SNAPPY,RLE,0.4102350929990771
data_56.csv,SNAPPY,DICTIONARY,0.1756615174468228
data_0.csv,NONE,PLAIN,0.7187656812565077
data_0.csv,NONE,HUFFMAN,0.3761380671910478
data_0.csv,NONE,RLE,2.1090404011892665
data_0.csv,NONE,DICTIONARY,0.279020125324602
data_0.csv,GZIP,PLAIN,0.1306189862381293
data_0.csv,GZIP,HUFFMAN,0.2069584791690188
data_0.csv,GZIP,RLE,0.1539491676389045
data_0.csv,GZIP,DICTIONARY,0.1698044860938617
data_0.csv,LZ4,PLAIN,0.1861435713120821
data_0.csv,LZ4,HUFFMAN,0.2828714419228984
data_0.csv,LZ4,RLE,0.2027923613463299
data_0.csv,LZ4,DICTIONARY,0.1919013366703047
data_0.csv,SNAPPY,PLAIN,0.1681422729040432
data_0.csv,SNAPPY,HUFFMAN,0.2601395004578927
data_0.csv,SNAPPY,RLE,0.2337326565303024
data_0.csv,SNAPPY,DICTIONARY,0.1965488690677806
data_29.csv,NONE,PLAIN,0.4401978623823995
data_29.csv,NONE,HUFFMAN,0.2588850035855354
data_29.csv,NONE,RLE,4.07778392885924
data_29.csv,NONE,DICTIONARY,0.2155191006651732
data_29.csv,GZIP,PLAIN,0.2025231891878003
data_29.csv,GZIP,HUFFMAN,0.2034598665293184
data_29.csv,GZIP,RLE,0.2309131552945628
data_29.csv,GZIP,DICTIONARY,0.2019002948626012
data_29.csv,LZ4,PLAIN,0.2050856207180881
data_29.csv,LZ4,HUFFMAN,0.2065174990481396
data_29.csv,LZ4,RLE,0.2252502672605964
data_29.csv,LZ4,DICTIONARY,0.2041434930512245
data_29.csv,SNAPPY,PLAIN,0.2171713278627639
data_29.csv,SNAPPY,HUFFMAN,0.2107407225729896
data_29.csv,SNAPPY,RLE,0.3935454132787055
data_29.csv,SNAPPY,DICTIONARY,0.2074993362282347
data_87.csv,NONE,PLAIN,0.9891340721248874
data_87.csv,NONE,HUFFMAN,0.6956532410126627
data_87.csv,NONE,RLE,1.0175741511596144
data_87.csv,NONE,DICTIONARY,0.986400648179736
data_87.csv,GZIP,PLAIN,0.0945944925742629
data_87.csv,GZIP,HUFFMAN,0.1816993437348926
data_87.csv,GZIP,RLE,0.3102004375692833
data_87.csv,GZIP,DICTIONARY,0.099381470573023
data_87.csv,LZ4,PLAIN,0.1322805534444081
data_87.csv,LZ4,HUFFMAN,0.2165415506522461
data_87.csv,LZ4,RLE,0.3496594181653099
data_87.csv,LZ4,DICTIONARY,0.1361125931331305
data_87.csv,SNAPPY,PLAIN,0.1734476464508402
data_87.csv,SNAPPY,HUFFMAN,0.2729049081283028
data_87.csv,SNAPPY,RLE,0.416635513858211
data_87.csv,SNAPPY,DICTIONARY,0.1768349463071835
data_11.csv,NONE,PLAIN,0.7111989580717243
data_11.csv,NONE,HUFFMAN,0.3849101513951407
data_11.csv,NONE,RLE,2.108290831932719
data_11.csv,NONE,DICTIONARY,0.2324935281958155
data_11.csv,GZIP,PLAIN,0.134184488276697
data_11.csv,GZIP,HUFFMAN,0.1800896232186439
data_11.csv,GZIP,RLE,0.155890388243855
data_11.csv,GZIP,DICTIONARY,0.1454900218302648
data_11.csv,LZ4,PLAIN,0.1654463613005428
data_11.csv,LZ4,HUFFMAN,0.2201962952945798
data_11.csv,LZ4,RLE,0.1797672404355749
data_11.csv,LZ4,DICTIONARY,0.1653272285866996
data_11.csv,SNAPPY,PLAIN,0.1780909304586931
data_11.csv,SNAPPY,HUFFMAN,0.2223704673222185
data_11.csv,SNAPPY,RLE,0.2385588322418201
data_11.csv,SNAPPY,DICTIONARY,0.1668819909974306
data_90.csv,NONE,PLAIN,0.9904951869080584
data_90.csv,NONE,HUFFMAN,0.6988199422059741
data_90.csv,NONE,RLE,1.0140459375796749
data_90.csv,NONE,DICTIONARY,0.9890947132982396
data_90.csv,GZIP,PLAIN,0.0851803357358291
data_90.csv,GZIP,HUFFMAN,0.1727495769649325
data_90.csv,GZIP,RLE,0.2834854612593315
data_90.csv,GZIP,DICTIONARY,0.0895503300989497
data_90.csv,LZ4,PLAIN,0.1204990476295046
data_90.csv,LZ4,HUFFMAN,0.2005503775169839
data_90.csv,LZ4,RLE,0.3145084275733124
data_90.csv,LZ4,DICTIONARY,0.1240369120062839
data_90.csv,SNAPPY,PLAIN,0.1630690857076393
data_90.csv,SNAPPY,HUFFMAN,0.2649076298308199
data_90.csv,SNAPPY,RLE,0.3936431792387161
data_90.csv,SNAPPY,DICTIONARY,0.1662864881369605
data_3.csv,NONE,PLAIN,0.4366594603150474
data_3.csv,NONE,HUFFMAN,0.2704810964520145
data_3.csv,NONE,RLE,4.103027843054595
data_3.csv,NONE,DICTIONARY,0.2695454983548675
data_3.csv,GZIP,PLAIN,0.2286706749548852
data_3.csv,GZIP,HUFFMAN,0.2264883963112046
data_3.csv,GZIP,RLE,0.2786522999336305
data_3.csv,GZIP,DICTIONARY,0.2292669816147921
data_3.csv,LZ4,PLAIN,0.2860955548120223
data_3.csv,LZ4,HUFFMAN,0.2391683363514338
data_3.csv,LZ4,RLE,0.3646920636363422
data_3.csv,LZ4,DICTIONARY,0.2439317373837261
data_3.csv,SNAPPY,PLAIN,0.2672159061079511
data_3.csv,SNAPPY,HUFFMAN,0.2403280391854184
data_3.csv,SNAPPY,RLE,0.4535378380474992
data_3.csv,SNAPPY,DICTIONARY,0.2441229316347343
data_32.csv,NONE,PLAIN,0.6381023676073353
data_32.csv,NONE,HUFFMAN,0.3346775534220434
data_32.csv,NONE,RLE,2.709300357372791
data_32.csv,NONE,DICTIONARY,0.1616645894646058
data_32.csv,GZIP,PLAIN,0.1469067153239075
data_32.csv,GZIP,HUFFMAN,0.1456190851377451
data_32.csv,GZIP,RLE,0.170460373130644
data_32.csv,GZIP,DICTIONARY,0.1427435792290541
data_32.csv,LZ4,PLAIN,0.1755806678145852
data_32.csv,LZ4,HUFFMAN,0.1687777890845634
data_32.csv,LZ4,RLE,0.1912095562713534
data_32.csv,LZ4,DICTIONARY,0.1491001197959539
data_32.csv,SNAPPY,PLAIN,0.1767227091416705
data_32.csv,SNAPPY,HUFFMAN,0.165345619891166
data_32.csv,SNAPPY,RLE,0.2777220834622139
data_32.csv,SNAPPY,DICTIONARY,0.1503106735273107
data_120.csv,NONE,PLAIN,0.9890565991512116
data_120.csv,NONE,HUFFMAN,0.6943603940202159
data_120.csv,NONE,RLE,1.0190638972598218
data_120.csv,NONE,DICTIONARY,0.9885707808940096
data_120.csv,GZIP,PLAIN,0.0923624416078327
data_120.csv,GZIP,HUFFMAN,0.1772433964215883
data_120.csv,GZIP,RLE,0.3017677470309242
data_120.csv,GZIP,DICTIONARY,0.097475060281101
data_120.csv,LZ4,PLAIN,0.1313958408455537
data_120.csv,LZ4,HUFFMAN,0.2174941101834724
data_120.csv,LZ4,RLE,0.3511252808269998
data_120.csv,LZ4,DICTIONARY,0.1353971449885794
data_120.csv,SNAPPY,PLAIN,0.17266472036392
data_120.csv,SNAPPY,HUFFMAN,0.2692962349807383
data_120.csv,SNAPPY,RLE,0.4142716321172999
data_120.csv,SNAPPY,DICTIONARY,0.1763564214582631
data_112.csv,NONE,PLAIN,0.9889965707084248
data_112.csv,NONE,HUFFMAN,0.6953961759852286
data_112.csv,NONE,RLE,1.019061829994495
data_112.csv,NONE,DICTIONARY,0.9840133076250476
data_112.csv,GZIP,PLAIN,0.0957593446594242
data_112.csv,GZIP,HUFFMAN,0.1830420874600302
data_112.csv,GZIP,RLE,0.307289446407573
data_112.csv,GZIP,DICTIONARY,0.1005802946971053
data_112.csv,LZ4,PLAIN,0.1363375158761132
data_112.csv,LZ4,HUFFMAN,0.2246601687123532
data_112.csv,LZ4,RLE,0.3571642942691617
data_112.csv,LZ4,DICTIONARY,0.140102078006904
data_112.csv,SNAPPY,PLAIN,0.1778603381938743
data_112.csv,SNAPPY,HUFFMAN,0.2766318858295208
data_112.csv,SNAPPY,RLE,0.4193339794783749
data_112.csv,SNAPPY,DICTIONARY,0.1813120312545526
